Episode #,Training Iter,In Heatup,ER #Transitions,ER #Episodes,Episode Length,Total steps,Epsilon,Shaped Training Reward,Training Reward,Update Target Network,Evaluation Reward,Shaped Evaluation Reward,Success Rate,Loss/Mean,Loss/Stdev,Loss/Max,Loss/Min,Learning Rate/Mean,Learning Rate/Stdev,Learning Rate/Max,Learning Rate/Min,Grads (unclipped)/Mean,Grads (unclipped)/Stdev,Grads (unclipped)/Max,Grads (unclipped)/Min,Entropy/Mean,Entropy/Stdev,Entropy/Max,Entropy/Min,Advantages/Mean,Advantages/Stdev,Advantages/Max,Advantages/Min,Values/Mean,Values/Stdev,Values/Max,Values/Min,Value Loss/Mean,Value Loss/Stdev,Value Loss/Max,Value Loss/Min,Policy Loss/Mean,Policy Loss/Stdev,Policy Loss/Max,Policy Loss/Min,KL Divergence/Mean,KL Divergence/Stdev,KL Divergence/Max,KL Divergence/Min
1,0.0,1.0,5.0,1.0,5.0,5.0,0.1,,,0.0,,,,,,,,,,,,,,,,,,,,,,,,,,,,,,,,,,,,,,,
2,0.0,1.0,11.0,2.0,6.0,11.0,0.1,,,0.0,,,,,,,,,,,,,,,,,,,,,,,,,,,,,,,,,,,,,,,
3,0.0,1.0,15.0,3.0,4.0,15.0,0.1,,,0.0,,,,,,,,,,,,,,,,,,,,,,,,,,,,,,,,,,,,,,,
4,0.0,1.0,27.0,4.0,12.0,27.0,0.1,,,0.0,,,,,,,,,,,,,,,,,,,,,,,,,,,,,,,,,,,,,,,
5,0.0,1.0,31.0,5.0,4.0,31.0,0.1,,,0.0,,,,,,,,,,,,,,,,,,,,,,,,,,,,,,,,,,,,,,,
6,0.0,1.0,36.0,6.0,5.0,36.0,0.1,,,0.0,,,,,,,,,,,,,,,,,,,,,,,,,,,,,,,,,,,,,,,
7,0.0,1.0,39.0,7.0,3.0,39.0,0.1,,,0.0,,,,,,,,,,,,,,,,,,,,,,,,,,,,,,,,,,,,,,,
8,0.0,1.0,42.0,8.0,3.0,42.0,0.1,,,0.0,,,,,,,,,,,,,,,,,,,,,,,,,,,,,,,,,,,,,,,
9,0.0,1.0,46.0,9.0,4.0,46.0,0.1,,,0.0,,,,,,,,,,,,,,,,,,,,,,,,,,,,,,,,,,,,,,,
10,0.0,1.0,56.0,10.0,10.0,56.0,0.1,,,0.0,,,,,,,,,,,,,,,,,,,,,,,,,,,,,,,,,,,,,,,
11,0.0,1.0,67.0,11.0,11.0,67.0,0.1,,,0.0,,,,,,,,,,,,,,,,,,,,,,,,,,,,,,,,,,,,,,,
12,0.0,1.0,73.0,12.0,6.0,73.0,0.1,,,0.0,,,,,,,,,,,,,,,,,,,,,,,,,,,,,,,,,,,,,,,
13,0.0,1.0,77.0,13.0,4.0,77.0,0.1,,,0.0,,,,,,,,,,,,,,,,,,,,,,,,,,,,,,,,,,,,,,,
14,0.0,1.0,81.0,14.0,4.0,81.0,0.1,,,0.0,,,,,,,,,,,,,,,,,,,,,,,,,,,,,,,,,,,,,,,
15,0.0,1.0,84.0,15.0,3.0,84.0,0.1,,,0.0,,,,,,,,,,,,,,,,,,,,,,,,,,,,,,,,,,,,,,,
16,0.0,1.0,94.0,16.0,10.0,94.0,0.1,,,0.0,,,,,,,,,,,,,,,,,,,,,,,,,,,,,,,,,,,,,,,
17,0.0,1.0,97.0,17.0,3.0,97.0,0.1,,,0.0,,,,,,,,,,,,,,,,,,,,,,,,,,,,,,,,,,,,,,,
18,0.0,1.0,105.0,18.0,8.0,105.0,0.1,,,0.0,,,,,,,,,,,,,,,,,,,,,,,,,,,,,,,,,,,,,,,
19,0.0,1.0,118.0,19.0,13.0,118.0,0.1,,,0.0,,,,,,,,,,,,,,,,,,,,,,,,,,,,,,,,,,,,,,,
20,0.0,1.0,122.0,20.0,4.0,122.0,0.1,,,0.0,,,,,,,,,,,,,,,,,,,,,,,,,,,,,,,,,,,,,,,
21,0.0,1.0,129.0,21.0,7.0,129.0,0.1,,,0.0,,,,,,,,,,,,,,,,,,,,,,,,,,,,,,,,,,,,,,,
22,0.0,1.0,132.0,22.0,3.0,132.0,0.1,,,0.0,,,,,,,,,,,,,,,,,,,,,,,,,,,,,,,,,,,,,,,
23,0.0,1.0,136.0,23.0,4.0,136.0,0.1,,,0.0,,,,,,,,,,,,,,,,,,,,,,,,,,,,,,,,,,,,,,,
24,0.0,1.0,147.0,24.0,11.0,147.0,0.1,,,0.0,,,,,,,,,,,,,,,,,,,,,,,,,,,,,,,,,,,,,,,
25,0.0,1.0,151.0,25.0,4.0,151.0,0.1,,,0.0,,,,,,,,,,,,,,,,,,,,,,,,,,,,,,,,,,,,,,,
26,0.0,1.0,156.0,26.0,5.0,156.0,0.1,,,0.0,,,,,,,,,,,,,,,,,,,,,,,,,,,,,,,,,,,,,,,
27,0.0,1.0,159.0,27.0,3.0,159.0,0.1,,,0.0,,,,,,,,,,,,,,,,,,,,,,,,,,,,,,,,,,,,,,,
28,0.0,1.0,163.0,28.0,4.0,163.0,0.1,,,0.0,,,,,,,,,,,,,,,,,,,,,,,,,,,,,,,,,,,,,,,
29,0.0,1.0,167.0,29.0,4.0,167.0,0.1,,,0.0,,,,,,,,,,,,,,,,,,,,,,,,,,,,,,,,,,,,,,,
30,0.0,1.0,172.0,30.0,5.0,172.0,0.1,,,0.0,,,,,,,,,,,,,,,,,,,,,,,,,,,,,,,,,,,,,,,
31,0.0,1.0,179.0,31.0,7.0,179.0,0.1,,,0.0,,,,,,,,,,,,,,,,,,,,,,,,,,,,,,,,,,,,,,,
32,0.0,1.0,183.0,32.0,4.0,183.0,0.1,,,0.0,,,,,,,,,,,,,,,,,,,,,,,,,,,,,,,,,,,,,,,
33,0.0,1.0,188.0,33.0,5.0,188.0,0.1,,,0.0,,,,,,,,,,,,,,,,,,,,,,,,,,,,,,,,,,,,,,,
34,0.0,1.0,193.0,34.0,5.0,193.0,0.1,,,0.0,,,,,,,,,,,,,,,,,,,,,,,,,,,,,,,,,,,,,,,
35,0.0,1.0,196.0,35.0,3.0,196.0,0.1,,,0.0,,,,,,,,,,,,,,,,,,,,,,,,,,,,,,,,,,,,,,,
36,0.0,1.0,200.0,36.0,4.0,200.0,0.1,,,0.0,,,,,,,,,,,,,,,,,,,,,,,,,,,,,,,,,,,,,,,
37,0.0,1.0,203.0,37.0,3.0,203.0,0.1,,,0.0,,,,,,,,,,,,,,,,,,,,,,,,,,,,,,,,,,,,,,,
38,0.0,1.0,207.0,38.0,4.0,207.0,0.1,,,0.0,,,,,,,,,,,,,,,,,,,,,,,,,,,,,,,,,,,,,,,
39,0.0,1.0,211.0,39.0,4.0,211.0,0.1,,,0.0,,,,,,,,,,,,,,,,,,,,,,,,,,,,,,,,,,,,,,,
40,0.0,1.0,227.0,40.0,16.0,227.0,0.1,,,0.0,,,,,,,,,,,,,,,,,,,,,,,,,,,,,,,,,,,,,,,
41,0.0,1.0,233.0,41.0,6.0,233.0,0.1,,,0.0,,,,,,,,,,,,,,,,,,,,,,,,,,,,,,,,,,,,,,,
42,0.0,1.0,236.0,42.0,3.0,236.0,0.1,,,0.0,,,,,,,,,,,,,,,,,,,,,,,,,,,,,,,,,,,,,,,
43,0.0,1.0,245.0,43.0,9.0,245.0,0.1,,,0.0,,,,,,,,,,,,,,,,,,,,,,,,,,,,,,,,,,,,,,,
44,0.0,1.0,249.0,44.0,4.0,249.0,0.1,,,0.0,,,,,,,,,,,,,,,,,,,,,,,,,,,,,,,,,,,,,,,
45,0.0,1.0,258.0,45.0,9.0,258.0,0.1,,,0.0,,,,,,,,,,,,,,,,,,,,,,,,,,,,,,,,,,,,,,,
46,0.0,1.0,261.0,46.0,3.0,261.0,0.1,,,0.0,,,,,,,,,,,,,,,,,,,,,,,,,,,,,,,,,,,,,,,
47,0.0,1.0,270.0,47.0,9.0,270.0,0.1,,,0.0,,,,,,,,,,,,,,,,,,,,,,,,,,,,,,,,,,,,,,,
48,0.0,1.0,273.0,48.0,3.0,273.0,0.1,,,0.0,,,,,,,,,,,,,,,,,,,,,,,,,,,,,,,,,,,,,,,
49,0.0,1.0,276.0,49.0,3.0,276.0,0.1,,,0.0,,,,,,,,,,,,,,,,,,,,,,,,,,,,,,,,,,,,,,,
50,0.0,1.0,280.0,50.0,4.0,280.0,0.1,,,0.0,,,,,,,,,,,,,,,,,,,,,,,,,,,,,,,,,,,,,,,
51,0.0,1.0,285.0,51.0,5.0,285.0,0.1,,,0.0,,,,,,,,,,,,,,,,,,,,,,,,,,,,,,,,,,,,,,,
52,0.0,1.0,299.0,52.0,14.0,299.0,0.1,,,0.0,,,,,,,,,,,,,,,,,,,,,,,,,,,,,,,,,,,,,,,
53,0.0,1.0,312.0,53.0,13.0,312.0,0.1,,,0.0,,,,,,,,,,,,,,,,,,,,,,,,,,,,,,,,,,,,,,,
54,0.0,1.0,315.0,54.0,3.0,315.0,0.1,,,0.0,,,,,,,,,,,,,,,,,,,,,,,,,,,,,,,,,,,,,,,
55,0.0,1.0,318.0,55.0,3.0,318.0,0.1,,,0.0,,,,,,,,,,,,,,,,,,,,,,,,,,,,,,,,,,,,,,,
56,0.0,1.0,337.0,56.0,19.0,337.0,0.1,,,0.0,,,,,,,,,,,,,,,,,,,,,,,,,,,,,,,,,,,,,,,
57,0.0,1.0,340.0,57.0,3.0,340.0,0.1,,,0.0,,,,,,,,,,,,,,,,,,,,,,,,,,,,,,,,,,,,,,,
58,0.0,1.0,345.0,58.0,5.0,345.0,0.1,,,0.0,,,,,,,,,,,,,,,,,,,,,,,,,,,,,,,,,,,,,,,
59,0.0,1.0,350.0,59.0,5.0,350.0,0.1,,,0.0,,,,,,,,,,,,,,,,,,,,,,,,,,,,,,,,,,,,,,,
60,0.0,1.0,357.0,60.0,7.0,357.0,0.1,,,0.0,,,,,,,,,,,,,,,,,,,,,,,,,,,,,,,,,,,,,,,
61,0.0,1.0,362.0,61.0,5.0,362.0,0.1,,,0.0,,,,,,,,,,,,,,,,,,,,,,,,,,,,,,,,,,,,,,,
62,0.0,1.0,366.0,62.0,4.0,366.0,0.1,,,0.0,,,,,,,,,,,,,,,,,,,,,,,,,,,,,,,,,,,,,,,
63,0.0,1.0,370.0,63.0,4.0,370.0,0.1,,,0.0,,,,,,,,,,,,,,,,,,,,,,,,,,,,,,,,,,,,,,,
64,0.0,1.0,374.0,64.0,4.0,374.0,0.1,,,0.0,,,,,,,,,,,,,,,,,,,,,,,,,,,,,,,,,,,,,,,
65,0.0,1.0,386.0,65.0,12.0,386.0,0.1,,,0.0,,,,,,,,,,,,,,,,,,,,,,,,,,,,,,,,,,,,,,,
66,0.0,1.0,389.0,66.0,3.0,389.0,0.1,,,0.0,,,,,,,,,,,,,,,,,,,,,,,,,,,,,,,,,,,,,,,
67,0.0,1.0,392.0,67.0,3.0,392.0,0.1,,,0.0,,,,,,,,,,,,,,,,,,,,,,,,,,,,,,,,,,,,,,,
68,0.0,1.0,400.0,68.0,8.0,400.0,0.1,,,0.0,,,,,,,,,,,,,,,,,,,,,,,,,,,,,,,,,,,,,,,
69,0.0,1.0,409.0,69.0,9.0,409.0,0.1,,,0.0,,,,,,,,,,,,,,,,,,,,,,,,,,,,,,,,,,,,,,,
70,0.0,1.0,415.0,70.0,6.0,415.0,0.1,,,0.0,,,,,,,,,,,,,,,,,,,,,,,,,,,,,,,,,,,,,,,
71,0.0,1.0,419.0,71.0,4.0,419.0,0.1,,,0.0,,,,,,,,,,,,,,,,,,,,,,,,,,,,,,,,,,,,,,,
72,0.0,1.0,429.0,72.0,10.0,429.0,0.1,,,0.0,,,,,,,,,,,,,,,,,,,,,,,,,,,,,,,,,,,,,,,
73,0.0,1.0,435.0,73.0,6.0,435.0,0.1,,,0.0,,,,,,,,,,,,,,,,,,,,,,,,,,,,,,,,,,,,,,,
74,0.0,1.0,439.0,74.0,4.0,439.0,0.1,,,0.0,,,,,,,,,,,,,,,,,,,,,,,,,,,,,,,,,,,,,,,
75,0.0,1.0,454.0,75.0,15.0,454.0,0.1,,,0.0,,,,,,,,,,,,,,,,,,,,,,,,,,,,,,,,,,,,,,,
76,0.0,1.0,464.0,76.0,10.0,464.0,0.1,,,0.0,,,,,,,,,,,,,,,,,,,,,,,,,,,,,,,,,,,,,,,
77,0.0,1.0,470.0,77.0,6.0,470.0,0.1,,,0.0,,,,,,,,,,,,,,,,,,,,,,,,,,,,,,,,,,,,,,,
78,0.0,1.0,478.0,78.0,8.0,478.0,0.1,,,0.0,,,,,,,,,,,,,,,,,,,,,,,,,,,,,,,,,,,,,,,
79,0.0,1.0,486.0,79.0,8.0,486.0,0.1,,,0.0,,,,,,,,,,,,,,,,,,,,,,,,,,,,,,,,,,,,,,,
80,0.0,1.0,491.0,80.0,5.0,491.0,0.1,,,0.0,,,,,,,,,,,,,,,,,,,,,,,,,,,,,,,,,,,,,,,
81,0.0,1.0,494.0,81.0,3.0,494.0,0.1,,,0.0,,,,,,,,,,,,,,,,,,,,,,,,,,,,,,,,,,,,,,,
82,0.0,1.0,499.0,82.0,5.0,499.0,0.1,,,0.0,,,,,,,,,,,,,,,,,,,,,,,,,,,,,,,,,,,,,,,
83,0.0,1.0,503.0,83.0,4.0,503.0,0.1,,,0.0,,,,,,,,,,,,,,,,,,,,,,,,,,,,,,,,,,,,,,,
84,0.0,1.0,507.0,84.0,4.0,507.0,0.1,,,0.0,,,,,,,,,,,,,,,,,,,,,,,,,,,,,,,,,,,,,,,
85,0.0,1.0,513.0,85.0,6.0,513.0,0.1,,,0.0,,,,,,,,,,,,,,,,,,,,,,,,,,,,,,,,,,,,,,,
86,0.0,1.0,524.0,86.0,11.0,524.0,0.1,,,0.0,,,,,,,,,,,,,,,,,,,,,,,,,,,,,,,,,,,,,,,
87,0.0,1.0,527.0,87.0,3.0,527.0,0.1,,,0.0,,,,,,,,,,,,,,,,,,,,,,,,,,,,,,,,,,,,,,,
88,0.0,1.0,535.0,88.0,8.0,535.0,0.1,,,0.0,,,,,,,,,,,,,,,,,,,,,,,,,,,,,,,,,,,,,,,
89,0.0,1.0,543.0,89.0,8.0,543.0,0.1,,,0.0,,,,,,,,,,,,,,,,,,,,,,,,,,,,,,,,,,,,,,,
90,0.0,1.0,546.0,90.0,3.0,546.0,0.1,,,0.0,,,,,,,,,,,,,,,,,,,,,,,,,,,,,,,,,,,,,,,
91,0.0,1.0,553.0,91.0,7.0,553.0,0.1,,,0.0,,,,,,,,,,,,,,,,,,,,,,,,,,,,,,,,,,,,,,,
92,0.0,1.0,557.0,92.0,4.0,557.0,0.1,,,0.0,,,,,,,,,,,,,,,,,,,,,,,,,,,,,,,,,,,,,,,
93,0.0,1.0,560.0,93.0,3.0,560.0,0.1,,,0.0,,,,,,,,,,,,,,,,,,,,,,,,,,,,,,,,,,,,,,,
94,0.0,1.0,563.0,94.0,3.0,563.0,0.1,,,0.0,,,,,,,,,,,,,,,,,,,,,,,,,,,,,,,,,,,,,,,
95,0.0,1.0,569.0,95.0,6.0,569.0,0.1,,,0.0,,,,,,,,,,,,,,,,,,,,,,,,,,,,,,,,,,,,,,,
96,0.0,1.0,572.0,96.0,3.0,572.0,0.1,,,0.0,,,,,,,,,,,,,,,,,,,,,,,,,,,,,,,,,,,,,,,
97,0.0,1.0,582.0,97.0,10.0,582.0,0.1,,,0.0,,,,,,,,,,,,,,,,,,,,,,,,,,,,,,,,,,,,,,,
98,0.0,1.0,590.0,98.0,8.0,590.0,0.1,,,0.0,,,,,,,,,,,,,,,,,,,,,,,,,,,,,,,,,,,,,,,
99,0.0,1.0,593.0,99.0,3.0,593.0,0.1,,,0.0,,,,,,,,,,,,,,,,,,,,,,,,,,,,,,,,,,,,,,,
100,0.0,1.0,601.0,100.0,8.0,601.0,0.1,,,0.0,,,,,,,,,,,,,,,,,,,,,,,,,,,,,,,,,,,,,,,
101,0.0,1.0,604.0,101.0,3.0,604.0,0.1,,,0.0,,,,,,,,,,,,,,,,,,,,,,,,,,,,,,,,,,,,,,,
102,0.0,1.0,607.0,102.0,3.0,607.0,0.1,,,0.0,,,,,,,,,,,,,,,,,,,,,,,,,,,,,,,,,,,,,,,
103,0.0,1.0,615.0,103.0,8.0,615.0,0.1,,,0.0,,,,,,,,,,,,,,,,,,,,,,,,,,,,,,,,,,,,,,,
104,0.0,1.0,618.0,104.0,3.0,618.0,0.1,,,0.0,,,,,,,,,,,,,,,,,,,,,,,,,,,,,,,,,,,,,,,
105,0.0,1.0,621.0,105.0,3.0,621.0,0.1,,,0.0,,,,,,,,,,,,,,,,,,,,,,,,,,,,,,,,,,,,,,,
106,0.0,1.0,631.0,106.0,10.0,631.0,0.1,,,0.0,,,,,,,,,,,,,,,,,,,,,,,,,,,,,,,,,,,,,,,
107,0.0,1.0,636.0,107.0,5.0,636.0,0.1,,,0.0,,,,,,,,,,,,,,,,,,,,,,,,,,,,,,,,,,,,,,,
108,0.0,1.0,642.0,108.0,6.0,642.0,0.1,,,0.0,,,,,,,,,,,,,,,,,,,,,,,,,,,,,,,,,,,,,,,
109,0.0,1.0,647.0,109.0,5.0,647.0,0.1,,,0.0,,,,,,,,,,,,,,,,,,,,,,,,,,,,,,,,,,,,,,,
110,0.0,1.0,650.0,110.0,3.0,650.0,0.1,,,0.0,,,,,,,,,,,,,,,,,,,,,,,,,,,,,,,,,,,,,,,
111,0.0,1.0,655.0,111.0,5.0,655.0,0.1,,,0.0,,,,,,,,,,,,,,,,,,,,,,,,,,,,,,,,,,,,,,,
112,0.0,1.0,662.0,112.0,7.0,662.0,0.1,,,0.0,,,,,,,,,,,,,,,,,,,,,,,,,,,,,,,,,,,,,,,
113,0.0,1.0,666.0,113.0,4.0,666.0,0.1,,,0.0,,,,,,,,,,,,,,,,,,,,,,,,,,,,,,,,,,,,,,,
114,0.0,1.0,670.0,114.0,4.0,670.0,0.1,,,0.0,,,,,,,,,,,,,,,,,,,,,,,,,,,,,,,,,,,,,,,
115,0.0,1.0,677.0,115.0,7.0,677.0,0.1,,,0.0,,,,,,,,,,,,,,,,,,,,,,,,,,,,,,,,,,,,,,,
116,0.0,1.0,683.0,116.0,6.0,683.0,0.1,,,0.0,,,,,,,,,,,,,,,,,,,,,,,,,,,,,,,,,,,,,,,
117,0.0,1.0,691.0,117.0,8.0,691.0,0.1,,,0.0,,,,,,,,,,,,,,,,,,,,,,,,,,,,,,,,,,,,,,,
118,0.0,1.0,695.0,118.0,4.0,695.0,0.1,,,0.0,,,,,,,,,,,,,,,,,,,,,,,,,,,,,,,,,,,,,,,
119,0.0,1.0,699.0,119.0,4.0,699.0,0.1,,,0.0,,,,,,,,,,,,,,,,,,,,,,,,,,,,,,,,,,,,,,,
120,0.0,1.0,705.0,120.0,6.0,705.0,0.1,,,0.0,,,,,,,,,,,,,,,,,,,,,,,,,,,,,,,,,,,,,,,
121,0.0,1.0,726.0,121.0,21.0,726.0,0.1,,,0.0,,,,,,,,,,,,,,,,,,,,,,,,,,,,,,,,,,,,,,,
122,0.0,1.0,731.0,122.0,5.0,731.0,0.1,,,0.0,,,,,,,,,,,,,,,,,,,,,,,,,,,,,,,,,,,,,,,
123,0.0,1.0,734.0,123.0,3.0,734.0,0.1,,,0.0,,,,,,,,,,,,,,,,,,,,,,,,,,,,,,,,,,,,,,,
124,0.0,1.0,740.0,124.0,6.0,740.0,0.1,,,0.0,,,,,,,,,,,,,,,,,,,,,,,,,,,,,,,,,,,,,,,
125,0.0,1.0,743.0,125.0,3.0,743.0,0.1,,,0.0,,,,,,,,,,,,,,,,,,,,,,,,,,,,,,,,,,,,,,,
126,0.0,1.0,750.0,126.0,7.0,750.0,0.1,,,0.0,,,,,,,,,,,,,,,,,,,,,,,,,,,,,,,,,,,,,,,
127,0.0,1.0,756.0,127.0,6.0,756.0,0.1,,,0.0,,,,,,,,,,,,,,,,,,,,,,,,,,,,,,,,,,,,,,,
128,0.0,1.0,763.0,128.0,7.0,763.0,0.1,,,0.0,,,,,,,,,,,,,,,,,,,,,,,,,,,,,,,,,,,,,,,
129,0.0,1.0,767.0,129.0,4.0,767.0,0.1,,,0.0,,,,,,,,,,,,,,,,,,,,,,,,,,,,,,,,,,,,,,,
130,0.0,1.0,772.0,130.0,5.0,772.0,0.1,,,0.0,,,,,,,,,,,,,,,,,,,,,,,,,,,,,,,,,,,,,,,
131,0.0,1.0,775.0,131.0,3.0,775.0,0.1,,,0.0,,,,,,,,,,,,,,,,,,,,,,,,,,,,,,,,,,,,,,,
132,0.0,1.0,780.0,132.0,5.0,780.0,0.1,,,0.0,,,,,,,,,,,,,,,,,,,,,,,,,,,,,,,,,,,,,,,
133,0.0,1.0,790.0,133.0,10.0,790.0,0.1,,,0.0,,,,,,,,,,,,,,,,,,,,,,,,,,,,,,,,,,,,,,,
134,0.0,1.0,793.0,134.0,3.0,793.0,0.1,,,0.0,,,,,,,,,,,,,,,,,,,,,,,,,,,,,,,,,,,,,,,
135,0.0,1.0,796.0,135.0,3.0,796.0,0.1,,,0.0,,,,,,,,,,,,,,,,,,,,,,,,,,,,,,,,,,,,,,,
136,0.0,1.0,799.0,136.0,3.0,799.0,0.1,,,0.0,,,,,,,,,,,,,,,,,,,,,,,,,,,,,,,,,,,,,,,
137,0.0,1.0,804.0,137.0,5.0,804.0,0.1,,,0.0,,,,,,,,,,,,,,,,,,,,,,,,,,,,,,,,,,,,,,,
138,0.0,1.0,812.0,138.0,8.0,812.0,0.1,,,0.0,,,,,,,,,,,,,,,,,,,,,,,,,,,,,,,,,,,,,,,
139,0.0,1.0,817.0,139.0,5.0,817.0,0.1,,,0.0,,,,,,,,,,,,,,,,,,,,,,,,,,,,,,,,,,,,,,,
140,0.0,1.0,820.0,140.0,3.0,820.0,0.1,,,0.0,,,,,,,,,,,,,,,,,,,,,,,,,,,,,,,,,,,,,,,
141,0.0,1.0,823.0,141.0,3.0,823.0,0.1,,,0.0,,,,,,,,,,,,,,,,,,,,,,,,,,,,,,,,,,,,,,,
142,0.0,1.0,827.0,142.0,4.0,827.0,0.1,,,0.0,,,,,,,,,,,,,,,,,,,,,,,,,,,,,,,,,,,,,,,
143,0.0,1.0,830.0,143.0,3.0,830.0,0.1,,,0.0,,,,,,,,,,,,,,,,,,,,,,,,,,,,,,,,,,,,,,,
144,0.0,1.0,844.0,144.0,14.0,844.0,0.1,,,0.0,,,,,,,,,,,,,,,,,,,,,,,,,,,,,,,,,,,,,,,
145,0.0,1.0,849.0,145.0,5.0,849.0,0.1,,,0.0,,,,,,,,,,,,,,,,,,,,,,,,,,,,,,,,,,,,,,,
146,0.0,1.0,853.0,146.0,4.0,853.0,0.1,,,0.0,,,,,,,,,,,,,,,,,,,,,,,,,,,,,,,,,,,,,,,
147,0.0,1.0,857.0,147.0,4.0,857.0,0.1,,,0.0,,,,,,,,,,,,,,,,,,,,,,,,,,,,,,,,,,,,,,,
148,0.0,1.0,860.0,148.0,3.0,860.0,0.1,,,0.0,,,,,,,,,,,,,,,,,,,,,,,,,,,,,,,,,,,,,,,
149,0.0,1.0,863.0,149.0,3.0,863.0,0.1,,,0.0,,,,,,,,,,,,,,,,,,,,,,,,,,,,,,,,,,,,,,,
150,0.0,1.0,869.0,150.0,6.0,869.0,0.1,,,0.0,,,,,,,,,,,,,,,,,,,,,,,,,,,,,,,,,,,,,,,
151,0.0,1.0,873.0,151.0,4.0,873.0,0.1,,,0.0,,,,,,,,,,,,,,,,,,,,,,,,,,,,,,,,,,,,,,,
152,0.0,1.0,882.0,152.0,9.0,882.0,0.1,,,0.0,,,,,,,,,,,,,,,,,,,,,,,,,,,,,,,,,,,,,,,
153,0.0,1.0,888.0,153.0,6.0,888.0,0.1,,,0.0,,,,,,,,,,,,,,,,,,,,,,,,,,,,,,,,,,,,,,,
154,0.0,1.0,895.0,154.0,7.0,895.0,0.1,,,0.0,,,,,,,,,,,,,,,,,,,,,,,,,,,,,,,,,,,,,,,
155,0.0,1.0,902.0,155.0,7.0,902.0,0.1,,,0.0,,,,,,,,,,,,,,,,,,,,,,,,,,,,,,,,,,,,,,,
156,0.0,1.0,905.0,156.0,3.0,905.0,0.1,,,0.0,,,,,,,,,,,,,,,,,,,,,,,,,,,,,,,,,,,,,,,
157,0.0,1.0,910.0,157.0,5.0,910.0,0.1,,,0.0,,,,,,,,,,,,,,,,,,,,,,,,,,,,,,,,,,,,,,,
158,0.0,1.0,913.0,158.0,3.0,913.0,0.1,,,0.0,,,,,,,,,,,,,,,,,,,,,,,,,,,,,,,,,,,,,,,
159,0.0,1.0,916.0,159.0,3.0,916.0,0.1,,,0.0,,,,,,,,,,,,,,,,,,,,,,,,,,,,,,,,,,,,,,,
160,0.0,1.0,919.0,160.0,3.0,919.0,0.1,,,0.0,,,,,,,,,,,,,,,,,,,,,,,,,,,,,,,,,,,,,,,
161,0.0,1.0,930.0,161.0,11.0,930.0,0.1,,,0.0,,,,,,,,,,,,,,,,,,,,,,,,,,,,,,,,,,,,,,,
162,0.0,1.0,936.0,162.0,6.0,936.0,0.1,,,0.0,,,,,,,,,,,,,,,,,,,,,,,,,,,,,,,,,,,,,,,
163,0.0,1.0,949.0,163.0,13.0,949.0,0.1,,,0.0,,,,,,,,,,,,,,,,,,,,,,,,,,,,,,,,,,,,,,,
164,0.0,1.0,959.0,164.0,10.0,959.0,0.1,,,0.0,,,,,,,,,,,,,,,,,,,,,,,,,,,,,,,,,,,,,,,
165,0.0,1.0,962.0,165.0,3.0,962.0,0.1,,,0.0,,,,,,,,,,,,,,,,,,,,,,,,,,,,,,,,,,,,,,,
166,0.0,1.0,966.0,166.0,4.0,966.0,0.1,,,0.0,,,,,,,,,,,,,,,,,,,,,,,,,,,,,,,,,,,,,,,
167,0.0,1.0,969.0,167.0,3.0,969.0,0.1,,,0.0,,,,,,,,,,,,,,,,,,,,,,,,,,,,,,,,,,,,,,,
168,0.0,1.0,979.0,168.0,10.0,979.0,0.1,,,0.0,,,,,,,,,,,,,,,,,,,,,,,,,,,,,,,,,,,,,,,
169,0.0,1.0,984.0,169.0,5.0,984.0,0.1,,,0.0,,,,,,,,,,,,,,,,,,,,,,,,,,,,,,,,,,,,,,,
170,0.0,1.0,992.0,170.0,8.0,992.0,0.1,,,0.0,,,,,,,,,,,,,,,,,,,,,,,,,,,,,,,,,,,,,,,
171,0.0,1.0,996.0,171.0,4.0,996.0,0.1,,,0.0,,,,,,,,,,,,,,,,,,,,,,,,,,,,,,,,,,,,,,,
172,0.0,1.0,1005.0,172.0,9.0,1005.0,0.1,,,0.0,,,,,,,,,,,,,,,,,,,,,,,,,,,,,,,,,,,,,,,
173,0.0,1.0,1011.0,173.0,6.0,1011.0,0.1,,,0.0,,,,,,,,,,,,,,,,,,,,,,,,,,,,,,,,,,,,,,,
174,0.0,1.0,1015.0,174.0,4.0,1015.0,0.1,,,0.0,,,,,,,,,,,,,,,,,,,,,,,,,,,,,,,,,,,,,,,
175,0.0,1.0,1030.0,175.0,15.0,1030.0,0.1,,,0.0,,,,,,,,,,,,,,,,,,,,,,,,,,,,,,,,,,,,,,,
176,0.0,0.0,1034.0,176.0,4.0,1034.0,0.1,4.0,4.0,0.0,,,,,,,,,,,,,,,,,,,,,,,,,,,,,,,,,,,,,,,
177,0.0,0.0,1051.0,177.0,17.0,1051.0,0.1,17.0,17.0,0.0,,,,,,,,,,,,,,,,,,,,,,,,,,,,,,,,,,,,,,,
178,0.0,0.0,1068.0,178.0,17.0,1068.0,0.1,17.0,17.0,0.0,,,,,,,,,,,,,,,,,,,,,,,,,,,,,,,,,,,,,,,
179,0.0,0.0,1074.0,179.0,6.0,1074.0,0.1,6.0,6.0,0.0,,,,,,,,,,,,,,,,,,,,,,,,,,,,,,,,,,,,,,,
180,0.0,0.0,1080.0,180.0,6.0,1080.0,0.1,6.0,6.0,0.0,,,,,,,,,,,,,,,,,,,,,,,,,,,,,,,,,,,,,,,
181,0.0,0.0,1086.0,181.0,6.0,1086.0,0.1,6.0,6.0,0.0,,,,,,,,,,,,,,,,,,,,,,,,,,,,,,,,,,,,,,,
182,0.0,0.0,1095.0,182.0,9.0,1095.0,0.1,9.0,9.0,0.0,,,,,,,,,,,,,,,,,,,,,,,,,,,,,,,,,,,,,,,
183,0.0,0.0,1100.0,183.0,5.0,1100.0,0.1,5.0,5.0,0.0,,,,,,,,,,,,,,,,,,,,,,,,,,,,,,,,,,,,,,,
184,0.0,0.0,1105.0,184.0,5.0,1105.0,0.1,5.0,5.0,0.0,,,,,,,,,,,,,,,,,,,,,,,,,,,,,,,,,,,,,,,
185,0.0,0.0,1114.0,185.0,9.0,1114.0,0.1,9.0,9.0,0.0,,,,,,,,,,,,,,,,,,,,,,,,,,,,,,,,,,,,,,,
186,0.0,0.0,1118.0,186.0,4.0,1118.0,0.1,4.0,4.0,0.0,,,,,,,,,,,,,,,,,,,,,,,,,,,,,,,,,,,,,,,
187,0.0,0.0,1125.0,187.0,7.0,1125.0,0.1,7.0,7.0,0.0,,,,,,,,,,,,,,,,,,,,,,,,,,,,,,,,,,,,,,,
188,0.0,0.0,1133.0,188.0,8.0,1133.0,0.1,8.0,8.0,0.0,,,,,,,,,,,,,,,,,,,,,,,,,,,,,,,,,,,,,,,
189,0.0,0.0,1136.0,189.0,3.0,1136.0,0.1,3.0,3.0,0.0,,,,,,,,,,,,,,,,,,,,,,,,,,,,,,,,,,,,,,,
190,0.0,0.0,1140.0,190.0,4.0,1140.0,0.1,4.0,4.0,0.0,,,,,,,,,,,,,,,,,,,,,,,,,,,,,,,,,,,,,,,
191,0.0,0.0,1152.0,191.0,12.0,1152.0,0.1,12.0,12.0,0.0,,,,,,,,,,,,,,,,,,,,,,,,,,,,,,,,,,,,,,,
192,0.0,0.0,1165.0,192.0,13.0,1165.0,0.1,13.0,13.0,0.0,,,,,,,,,,,,,,,,,,,,,,,,,,,,,,,,,,,,,,,
193,0.0,0.0,1169.0,193.0,4.0,1169.0,0.1,4.0,4.0,0.0,,,,,,,,,,,,,,,,,,,,,,,,,,,,,,,,,,,,,,,
194,0.0,0.0,1176.0,194.0,7.0,1176.0,0.1,7.0,7.0,0.0,,,,,,,,,,,,,,,,,,,,,,,,,,,,,,,,,,,,,,,
195,0.0,0.0,1190.0,195.0,14.0,1190.0,0.1,14.0,14.0,0.0,,,,,,,,,,,,,,,,,,,,,,,,,,,,,,,,,,,,,,,
196,0.0,0.0,1196.0,196.0,6.0,1196.0,0.1,6.0,6.0,0.0,,,,,,,,,,,,,,,,,,,,,,,,,,,,,,,,,,,,,,,
197,0.0,0.0,1206.0,197.0,10.0,1206.0,0.1,10.0,10.0,0.0,,,,,,,,,,,,,,,,,,,,,,,,,,,,,,,,,,,,,,,
198,0.0,0.0,1216.0,198.0,10.0,1216.0,0.1,10.0,10.0,0.0,,,,,,,,,,,,,,,,,,,,,,,,,,,,,,,,,,,,,,,
199,0.0,0.0,1222.0,199.0,6.0,1222.0,0.1,6.0,6.0,0.0,,,,,,,,,,,,,,,,,,,,,,,,,,,,,,,,,,,,,,,
200,0.0,0.0,1228.0,200.0,6.0,1228.0,0.1,6.0,6.0,0.0,,,,,,,,,,,,,,,,,,,,,,,,,,,,,,,,,,,,,,,
201,0.0,0.0,1235.0,201.0,7.0,1235.0,0.1,7.0,7.0,0.0,,,,,,,,,,,,,,,,,,,,,,,,,,,,,,,,,,,,,,,
202,0.0,0.0,1241.0,202.0,6.0,1241.0,0.1,6.0,6.0,0.0,,,,,,,,,,,,,,,,,,,,,,,,,,,,,,,,,,,,,,,
203,0.0,0.0,1256.0,203.0,15.0,1256.0,0.1,15.0,15.0,0.0,,,,,,,,,,,,,,,,,,,,,,,,,,,,,,,,,,,,,,,
204,0.0,0.0,1260.0,204.0,4.0,1260.0,0.1,4.0,4.0,0.0,,,,,,,,,,,,,,,,,,,,,,,,,,,,,,,,,,,,,,,
205,0.0,0.0,1272.0,205.0,12.0,1272.0,0.1,12.0,12.0,0.0,,,,,,,,,,,,,,,,,,,,,,,,,,,,,,,,,,,,,,,
206,0.0,0.0,1276.0,206.0,4.0,1276.0,0.1,4.0,4.0,0.0,,,,,,,,,,,,,,,,,,,,,,,,,,,,,,,,,,,,,,,
207,0.0,0.0,1285.0,207.0,9.0,1285.0,0.1,9.0,9.0,0.0,,,,,,,,,,,,,,,,,,,,,,,,,,,,,,,,,,,,,,,
208,0.0,0.0,1305.0,208.0,20.0,1305.0,0.1,20.0,20.0,0.0,,,,,,,,,,,,,,,,,,,,,,,,,,,,,,,,,,,,,,,
209,0.0,0.0,1311.0,209.0,6.0,1311.0,0.1,6.0,6.0,0.0,,,,,,,,,,,,,,,,,,,,,,,,,,,,,,,,,,,,,,,
210,0.0,0.0,1315.0,210.0,4.0,1315.0,0.1,4.0,4.0,0.0,,,,,,,,,,,,,,,,,,,,,,,,,,,,,,,,,,,,,,,
211,0.0,0.0,1321.0,211.0,6.0,1321.0,0.1,6.0,6.0,0.0,,,,,,,,,,,,,,,,,,,,,,,,,,,,,,,,,,,,,,,
212,0.0,0.0,1328.0,212.0,7.0,1328.0,0.1,7.0,7.0,0.0,,,,,,,,,,,,,,,,,,,,,,,,,,,,,,,,,,,,,,,
213,0.0,0.0,1332.0,213.0,4.0,1332.0,0.1,4.0,4.0,0.0,,,,,,,,,,,,,,,,,,,,,,,,,,,,,,,,,,,,,,,
214,0.0,0.0,1336.0,214.0,4.0,1336.0,0.1,4.0,4.0,0.0,,,,,,,,,,,,,,,,,,,,,,,,,,,,,,,,,,,,,,,
215,0.0,0.0,1340.0,215.0,4.0,1340.0,0.1,4.0,4.0,0.0,,,,,,,,,,,,,,,,,,,,,,,,,,,,,,,,,,,,,,,
216,0.0,0.0,1346.0,216.0,6.0,1346.0,0.1,6.0,6.0,0.0,,,,,,,,,,,,,,,,,,,,,,,,,,,,,,,,,,,,,,,
217,0.0,0.0,1366.0,217.0,20.0,1366.0,0.1,20.0,20.0,0.0,,,,,,,,,,,,,,,,,,,,,,,,,,,,,,,,,,,,,,,
218,0.0,0.0,1370.0,218.0,4.0,1370.0,0.1,4.0,4.0,0.0,,,,,,,,,,,,,,,,,,,,,,,,,,,,,,,,,,,,,,,
219,0.0,0.0,1390.0,219.0,20.0,1390.0,0.1,20.0,20.0,0.0,,,,,,,,,,,,,,,,,,,,,,,,,,,,,,,,,,,,,,,
220,0.0,0.0,1397.0,220.0,7.0,1397.0,0.1,7.0,7.0,0.0,,,,,,,,,,,,,,,,,,,,,,,,,,,,,,,,,,,,,,,
221,0.0,0.0,1402.0,221.0,5.0,1402.0,0.1,5.0,5.0,0.0,,,,,,,,,,,,,,,,,,,,,,,,,,,,,,,,,,,,,,,
222,0.0,0.0,1416.0,222.0,14.0,1416.0,0.1,14.0,14.0,0.0,,,,,,,,,,,,,,,,,,,,,,,,,,,,,,,,,,,,,,,
223,0.0,0.0,1423.0,223.0,7.0,1423.0,0.1,7.0,7.0,0.0,,,,,,,,,,,,,,,,,,,,,,,,,,,,,,,,,,,,,,,
224,0.0,0.0,1433.0,224.0,10.0,1433.0,0.1,10.0,10.0,0.0,,,,,,,,,,,,,,,,,,,,,,,,,,,,,,,,,,,,,,,
225,0.0,0.0,1437.0,225.0,4.0,1437.0,0.1,4.0,4.0,0.0,,,,,,,,,,,,,,,,,,,,,,,,,,,,,,,,,,,,,,,
226,0.0,0.0,1447.0,226.0,10.0,1447.0,0.1,10.0,10.0,0.0,,,,,,,,,,,,,,,,,,,,,,,,,,,,,,,,,,,,,,,
227,0.0,0.0,1451.0,227.0,4.0,1451.0,0.1,4.0,4.0,0.0,,,,,,,,,,,,,,,,,,,,,,,,,,,,,,,,,,,,,,,
228,0.0,0.0,1458.0,228.0,7.0,1458.0,0.1,7.0,7.0,0.0,,,,,,,,,,,,,,,,,,,,,,,,,,,,,,,,,,,,,,,
229,0.0,0.0,1472.0,229.0,14.0,1472.0,0.1,14.0,14.0,0.0,,,,,,,,,,,,,,,,,,,,,,,,,,,,,,,,,,,,,,,
230,0.0,0.0,1477.0,230.0,5.0,1477.0,0.1,5.0,5.0,0.0,,,,,,,,,,,,,,,,,,,,,,,,,,,,,,,,,,,,,,,
231,0.0,0.0,1480.0,231.0,3.0,1480.0,0.1,3.0,3.0,0.0,,,,,,,,,,,,,,,,,,,,,,,,,,,,,,,,,,,,,,,
232,0.0,0.0,1484.0,232.0,4.0,1484.0,0.1,4.0,4.0,0.0,,,,,,,,,,,,,,,,,,,,,,,,,,,,,,,,,,,,,,,
233,0.0,0.0,1494.0,233.0,10.0,1494.0,0.1,10.0,10.0,0.0,,,,,,,,,,,,,,,,,,,,,,,,,,,,,,,,,,,,,,,
234,0.0,0.0,1498.0,234.0,4.0,1498.0,0.1,4.0,4.0,0.0,,,,,,,,,,,,,,,,,,,,,,,,,,,,,,,,,,,,,,,
235,0.0,0.0,1502.0,235.0,4.0,1502.0,0.1,4.0,4.0,0.0,,,,,,,,,,,,,,,,,,,,,,,,,,,,,,,,,,,,,,,
236,0.0,0.0,1508.0,236.0,6.0,1508.0,0.1,6.0,6.0,0.0,,,,,,,,,,,,,,,,,,,,,,,,,,,,,,,,,,,,,,,
237,0.0,0.0,1511.0,237.0,3.0,1511.0,0.1,3.0,3.0,0.0,,,,,,,,,,,,,,,,,,,,,,,,,,,,,,,,,,,,,,,
238,0.0,0.0,1515.0,238.0,4.0,1515.0,0.1,4.0,4.0,0.0,,,,,,,,,,,,,,,,,,,,,,,,,,,,,,,,,,,,,,,
239,0.0,0.0,1520.0,239.0,5.0,1520.0,0.1,5.0,5.0,0.0,,,,,,,,,,,,,,,,,,,,,,,,,,,,,,,,,,,,,,,
240,0.0,0.0,1523.0,240.0,3.0,1523.0,0.1,3.0,3.0,0.0,,,,,,,,,,,,,,,,,,,,,,,,,,,,,,,,,,,,,,,
241,0.0,0.0,1526.0,241.0,3.0,1526.0,0.1,3.0,3.0,0.0,,,,,,,,,,,,,,,,,,,,,,,,,,,,,,,,,,,,,,,
242,0.0,0.0,1540.0,242.0,14.0,1540.0,0.1,14.0,14.0,0.0,,,,,,,,,,,,,,,,,,,,,,,,,,,,,,,,,,,,,,,
243,0.0,0.0,1558.0,243.0,18.0,1558.0,0.1,18.0,18.0,0.0,,,,,,,,,,,,,,,,,,,,,,,,,,,,,,,,,,,,,,,
244,0.0,0.0,1563.0,244.0,5.0,1563.0,0.1,5.0,5.0,0.0,,,,,,,,,,,,,,,,,,,,,,,,,,,,,,,,,,,,,,,
245,0.0,0.0,1571.0,245.0,8.0,1571.0,0.1,8.0,8.0,0.0,,,,,,,,,,,,,,,,,,,,,,,,,,,,,,,,,,,,,,,
246,0.0,0.0,1575.0,246.0,4.0,1575.0,0.1,4.0,4.0,0.0,,,,,,,,,,,,,,,,,,,,,,,,,,,,,,,,,,,,,,,
247,0.0,0.0,1583.0,247.0,8.0,1583.0,0.1,8.0,8.0,0.0,,,,,,,,,,,,,,,,,,,,,,,,,,,,,,,,,,,,,,,
248,0.0,0.0,1602.0,248.0,19.0,1602.0,0.1,19.0,19.0,0.0,,,,,,,,,,,,,,,,,,,,,,,,,,,,,,,,,,,,,,,
249,0.0,0.0,1612.0,249.0,10.0,1612.0,0.1,10.0,10.0,0.0,,,,,,,,,,,,,,,,,,,,,,,,,,,,,,,,,,,,,,,
250,0.0,0.0,1630.0,250.0,18.0,1630.0,0.1,18.0,18.0,0.0,,,,,,,,,,,,,,,,,,,,,,,,,,,,,,,,,,,,,,,
251,0.0,0.0,1633.0,251.0,3.0,1633.0,0.1,3.0,3.0,0.0,,,,,,,,,,,,,,,,,,,,,,,,,,,,,,,,,,,,,,,
252,0.0,0.0,1642.0,252.0,9.0,1642.0,0.1,9.0,9.0,0.0,,,,,,,,,,,,,,,,,,,,,,,,,,,,,,,,,,,,,,,
253,0.0,0.0,1656.0,253.0,14.0,1656.0,0.1,14.0,14.0,0.0,,,,,,,,,,,,,,,,,,,,,,,,,,,,,,,,,,,,,,,
254,0.0,0.0,1660.0,254.0,4.0,1660.0,0.1,4.0,4.0,0.0,,,,,,,,,,,,,,,,,,,,,,,,,,,,,,,,,,,,,,,
255,0.0,0.0,1671.0,255.0,11.0,1671.0,0.1,11.0,11.0,0.0,,,,,,,,,,,,,,,,,,,,,,,,,,,,,,,,,,,,,,,
256,0.0,0.0,1686.0,256.0,15.0,1686.0,0.1,15.0,15.0,0.0,,,,,,,,,,,,,,,,,,,,,,,,,,,,,,,,,,,,,,,
257,0.0,0.0,1692.0,257.0,6.0,1692.0,0.1,6.0,6.0,0.0,,,,,,,,,,,,,,,,,,,,,,,,,,,,,,,,,,,,,,,
258,0.0,0.0,1712.0,258.0,20.0,1712.0,0.1,20.0,20.0,0.0,,,,,,,,,,,,,,,,,,,,,,,,,,,,,,,,,,,,,,,
259,0.0,0.0,1719.0,259.0,7.0,1719.0,0.1,7.0,7.0,0.0,,,,,,,,,,,,,,,,,,,,,,,,,,,,,,,,,,,,,,,
260,0.0,0.0,1727.0,260.0,8.0,1727.0,0.1,8.0,8.0,0.0,,,,,,,,,,,,,,,,,,,,,,,,,,,,,,,,,,,,,,,
261,0.0,0.0,1732.0,261.0,5.0,1732.0,0.1,5.0,5.0,0.0,,,,,,,,,,,,,,,,,,,,,,,,,,,,,,,,,,,,,,,
262,0.0,0.0,1735.0,262.0,3.0,1735.0,0.1,3.0,3.0,0.0,,,,,,,,,,,,,,,,,,,,,,,,,,,,,,,,,,,,,,,
263,0.0,0.0,1744.0,263.0,9.0,1744.0,0.1,9.0,9.0,0.0,,,,,,,,,,,,,,,,,,,,,,,,,,,,,,,,,,,,,,,
264,0.0,0.0,1749.0,264.0,5.0,1749.0,0.1,5.0,5.0,0.0,,,,,,,,,,,,,,,,,,,,,,,,,,,,,,,,,,,,,,,
265,0.0,0.0,1757.0,265.0,8.0,1757.0,0.1,8.0,8.0,0.0,,,,,,,,,,,,,,,,,,,,,,,,,,,,,,,,,,,,,,,
266,0.0,0.0,1761.0,266.0,4.0,1761.0,0.1,4.0,4.0,0.0,,,,,,,,,,,,,,,,,,,,,,,,,,,,,,,,,,,,,,,
267,0.0,0.0,1765.0,267.0,4.0,1765.0,0.1,4.0,4.0,0.0,,,,,,,,,,,,,,,,,,,,,,,,,,,,,,,,,,,,,,,
268,0.0,0.0,1775.0,268.0,10.0,1775.0,0.1,10.0,10.0,0.0,,,,,,,,,,,,,,,,,,,,,,,,,,,,,,,,,,,,,,,
269,0.0,0.0,1785.0,269.0,10.0,1785.0,0.1,10.0,10.0,0.0,,,,,,,,,,,,,,,,,,,,,,,,,,,,,,,,,,,,,,,
270,0.0,0.0,1788.0,270.0,3.0,1788.0,0.1,3.0,3.0,0.0,,,,,,,,,,,,,,,,,,,,,,,,,,,,,,,,,,,,,,,
271,0.0,0.0,1798.0,271.0,10.0,1798.0,0.1,10.0,10.0,0.0,,,,,,,,,,,,,,,,,,,,,,,,,,,,,,,,,,,,,,,
272,0.0,0.0,1801.0,272.0,3.0,1801.0,0.1,3.0,3.0,0.0,,,,,,,,,,,,,,,,,,,,,,,,,,,,,,,,,,,,,,,
273,0.0,0.0,1807.0,273.0,6.0,1807.0,0.1,6.0,6.0,0.0,,,,,,,,,,,,,,,,,,,,,,,,,,,,,,,,,,,,,,,
274,0.0,0.0,1816.0,274.0,9.0,1816.0,0.1,9.0,9.0,0.0,,,,,,,,,,,,,,,,,,,,,,,,,,,,,,,,,,,,,,,
275,0.0,0.0,1822.0,275.0,6.0,1822.0,0.1,6.0,6.0,0.0,,,,,,,,,,,,,,,,,,,,,,,,,,,,,,,,,,,,,,,
276,0.0,0.0,1827.0,276.0,5.0,1827.0,0.1,5.0,5.0,0.0,,,,,,,,,,,,,,,,,,,,,,,,,,,,,,,,,,,,,,,
277,0.0,0.0,1838.0,277.0,11.0,1838.0,0.1,11.0,11.0,0.0,,,,,,,,,,,,,,,,,,,,,,,,,,,,,,,,,,,,,,,
278,0.0,0.0,1843.0,278.0,5.0,1843.0,0.1,5.0,5.0,0.0,,,,,,,,,,,,,,,,,,,,,,,,,,,,,,,,,,,,,,,
279,0.0,0.0,1851.0,279.0,8.0,1851.0,0.1,8.0,8.0,0.0,,,,,,,,,,,,,,,,,,,,,,,,,,,,,,,,,,,,,,,
280,0.0,0.0,1856.0,280.0,5.0,1856.0,0.1,5.0,5.0,0.0,,,,,,,,,,,,,,,,,,,,,,,,,,,,,,,,,,,,,,,
281,0.0,0.0,1860.0,281.0,4.0,1860.0,0.1,4.0,4.0,0.0,,,,,,,,,,,,,,,,,,,,,,,,,,,,,,,,,,,,,,,
282,0.0,0.0,1865.0,282.0,5.0,1865.0,0.1,5.0,5.0,0.0,,,,,,,,,,,,,,,,,,,,,,,,,,,,,,,,,,,,,,,
283,0.0,0.0,1873.0,283.0,8.0,1873.0,0.1,8.0,8.0,0.0,,,,,,,,,,,,,,,,,,,,,,,,,,,,,,,,,,,,,,,
284,0.0,0.0,1898.0,284.0,25.0,1898.0,0.1,25.0,25.0,0.0,,,,,,,,,,,,,,,,,,,,,,,,,,,,,,,,,,,,,,,
285,0.0,0.0,1903.0,285.0,5.0,1903.0,0.1,5.0,5.0,0.0,,,,,,,,,,,,,,,,,,,,,,,,,,,,,,,,,,,,,,,
286,0.0,0.0,1916.0,286.0,13.0,1916.0,0.1,13.0,13.0,0.0,,,,,,,,,,,,,,,,,,,,,,,,,,,,,,,,,,,,,,,
287,0.0,0.0,1921.0,287.0,5.0,1921.0,0.1,5.0,5.0,0.0,,,,,,,,,,,,,,,,,,,,,,,,,,,,,,,,,,,,,,,
288,0.0,0.0,1934.0,288.0,13.0,1934.0,0.1,13.0,13.0,0.0,,,,,,,,,,,,,,,,,,,,,,,,,,,,,,,,,,,,,,,
289,0.0,0.0,1939.0,289.0,5.0,1939.0,0.1,5.0,5.0,0.0,,,,,,,,,,,,,,,,,,,,,,,,,,,,,,,,,,,,,,,
290,0.0,0.0,1942.0,290.0,3.0,1942.0,0.1,3.0,3.0,0.0,,,,,,,,,,,,,,,,,,,,,,,,,,,,,,,,,,,,,,,
291,0.0,0.0,1949.0,291.0,7.0,1949.0,0.1,7.0,7.0,0.0,,,,,,,,,,,,,,,,,,,,,,,,,,,,,,,,,,,,,,,
292,0.0,0.0,1966.0,292.0,17.0,1966.0,0.1,17.0,17.0,0.0,,,,,,,,,,,,,,,,,,,,,,,,,,,,,,,,,,,,,,,
293,0.0,0.0,1970.0,293.0,4.0,1970.0,0.1,4.0,4.0,0.0,,,,,,,,,,,,,,,,,,,,,,,,,,,,,,,,,,,,,,,
294,0.0,0.0,1977.0,294.0,7.0,1977.0,0.1,7.0,7.0,0.0,,,,,,,,,,,,,,,,,,,,,,,,,,,,,,,,,,,,,,,
295,0.0,0.0,1987.0,295.0,10.0,1987.0,0.1,10.0,10.0,0.0,,,,,,,,,,,,,,,,,,,,,,,,,,,,,,,,,,,,,,,
296,0.0,0.0,1997.0,296.0,10.0,1997.0,0.1,10.0,10.0,0.0,,,,,,,,,,,,,,,,,,,,,,,,,,,,,,,,,,,,,,,
297,0.0,0.0,2002.0,297.0,5.0,2002.0,0.1,5.0,5.0,0.0,,,,,,,,,,,,,,,,,,,,,,,,,,,,,,,,,,,,,,,
298,0.0,0.0,2019.0,298.0,17.0,2019.0,0.1,17.0,17.0,0.0,,,,,,,,,,,,,,,,,,,,,,,,,,,,,,,,,,,,,,,
299,0.0,0.0,2024.0,299.0,5.0,2024.0,0.1,5.0,5.0,0.0,,,,,,,,,,,,,,,,,,,,,,,,,,,,,,,,,,,,,,,
300,0.0,0.0,2036.0,300.0,12.0,2036.0,0.1,12.0,12.0,0.0,,,,,,,,,,,,,,,,,,,,,,,,,,,,,,,,,,,,,,,
301,0.0,0.0,2040.0,301.0,4.0,2040.0,0.1,4.0,4.0,0.0,,,,,,,,,,,,,,,,,,,,,,,,,,,,,,,,,,,,,,,
302,0.0,0.0,2046.0,302.0,6.0,2046.0,0.1,6.0,6.0,0.0,,,,,,,,,,,,,,,,,,,,,,,,,,,,,,,,,,,,,,,
303,0.0,0.0,2051.0,303.0,5.0,2051.0,0.1,5.0,5.0,0.0,,,,,,,,,,,,,,,,,,,,,,,,,,,,,,,,,,,,,,,
304,0.0,0.0,2055.0,304.0,4.0,2055.0,0.1,4.0,4.0,0.0,,,,,,,,,,,,,,,,,,,,,,,,,,,,,,,,,,,,,,,
305,0.0,0.0,2069.0,305.0,14.0,2069.0,0.1,14.0,14.0,0.0,,,,,,,,,,,,,,,,,,,,,,,,,,,,,,,,,,,,,,,
306,0.0,0.0,2077.0,306.0,8.0,2077.0,0.1,8.0,8.0,0.0,,,,,,,,,,,,,,,,,,,,,,,,,,,,,,,,,,,,,,,
307,0.0,0.0,2085.0,307.0,8.0,2085.0,0.1,8.0,8.0,0.0,,,,,,,,,,,,,,,,,,,,,,,,,,,,,,,,,,,,,,,
308,0.0,0.0,2092.0,308.0,7.0,2092.0,0.1,7.0,7.0,0.0,,,,,,,,,,,,,,,,,,,,,,,,,,,,,,,,,,,,,,,
309,0.0,0.0,2099.0,309.0,7.0,2099.0,0.1,7.0,7.0,0.0,,,,,,,,,,,,,,,,,,,,,,,,,,,,,,,,,,,,,,,
310,0.0,0.0,2102.0,310.0,3.0,2102.0,0.1,3.0,3.0,0.0,,,,,,,,,,,,,,,,,,,,,,,,,,,,,,,,,,,,,,,
311,0.0,0.0,2105.0,311.0,3.0,2105.0,0.1,3.0,3.0,0.0,,,,,,,,,,,,,,,,,,,,,,,,,,,,,,,,,,,,,,,
312,0.0,0.0,2115.0,312.0,10.0,2115.0,0.1,10.0,10.0,0.0,,,,,,,,,,,,,,,,,,,,,,,,,,,,,,,,,,,,,,,
313,0.0,0.0,2130.0,313.0,15.0,2130.0,0.1,15.0,15.0,0.0,,,,,,,,,,,,,,,,,,,,,,,,,,,,,,,,,,,,,,,
314,0.0,0.0,2137.0,314.0,7.0,2137.0,0.1,7.0,7.0,0.0,,,,,,,,,,,,,,,,,,,,,,,,,,,,,,,,,,,,,,,
315,0.0,0.0,2152.0,315.0,15.0,2152.0,0.1,15.0,15.0,0.0,,,,,,,,,,,,,,,,,,,,,,,,,,,,,,,,,,,,,,,
316,0.0,0.0,2159.0,316.0,7.0,2159.0,0.1,7.0,7.0,0.0,,,,,,,,,,,,,,,,,,,,,,,,,,,,,,,,,,,,,,,
317,0.0,0.0,2164.0,317.0,5.0,2164.0,0.1,5.0,5.0,0.0,,,,,,,,,,,,,,,,,,,,,,,,,,,,,,,,,,,,,,,
318,0.0,0.0,2174.0,318.0,10.0,2174.0,0.1,10.0,10.0,0.0,,,,,,,,,,,,,,,,,,,,,,,,,,,,,,,,,,,,,,,
319,0.0,0.0,2182.0,319.0,8.0,2182.0,0.1,8.0,8.0,0.0,,,,,,,,,,,,,,,,,,,,,,,,,,,,,,,,,,,,,,,
320,0.0,0.0,2186.0,320.0,4.0,2186.0,0.1,4.0,4.0,0.0,,,,,,,,,,,,,,,,,,,,,,,,,,,,,,,,,,,,,,,
321,0.0,0.0,2198.0,321.0,12.0,2198.0,0.1,12.0,12.0,0.0,,,,,,,,,,,,,,,,,,,,,,,,,,,,,,,,,,,,,,,
322,0.0,0.0,2208.0,322.0,10.0,2208.0,0.1,10.0,10.0,0.0,,,,,,,,,,,,,,,,,,,,,,,,,,,,,,,,,,,,,,,
323,0.0,0.0,2220.0,323.0,12.0,2220.0,0.1,12.0,12.0,0.0,,,,,,,,,,,,,,,,,,,,,,,,,,,,,,,,,,,,,,,
324,0.0,0.0,2227.0,324.0,7.0,2227.0,0.1,7.0,7.0,0.0,,,,,,,,,,,,,,,,,,,,,,,,,,,,,,,,,,,,,,,
325,0.0,0.0,2233.0,325.0,6.0,2233.0,0.1,6.0,6.0,0.0,,,,,,,,,,,,,,,,,,,,,,,,,,,,,,,,,,,,,,,
326,0.0,0.0,2243.0,326.0,10.0,2243.0,0.1,10.0,10.0,0.0,,,,,,,,,,,,,,,,,,,,,,,,,,,,,,,,,,,,,,,
327,0.0,0.0,2249.0,327.0,6.0,2249.0,0.1,6.0,6.0,0.0,,,,,,,,,,,,,,,,,,,,,,,,,,,,,,,,,,,,,,,
328,0.0,0.0,2259.0,328.0,10.0,2259.0,0.1,10.0,10.0,0.0,,,,,,,,,,,,,,,,,,,,,,,,,,,,,,,,,,,,,,,
329,0.0,0.0,2265.0,329.0,6.0,2265.0,0.1,6.0,6.0,0.0,,,,,,,,,,,,,,,,,,,,,,,,,,,,,,,,,,,,,,,
330,0.0,0.0,2281.0,330.0,16.0,2281.0,0.1,16.0,16.0,0.0,,,,,,,,,,,,,,,,,,,,,,,,,,,,,,,,,,,,,,,
331,0.0,0.0,2286.0,331.0,5.0,2286.0,0.1,5.0,5.0,0.0,,,,,,,,,,,,,,,,,,,,,,,,,,,,,,,,,,,,,,,
332,0.0,0.0,2289.0,332.0,3.0,2289.0,0.1,3.0,3.0,0.0,,,,,,,,,,,,,,,,,,,,,,,,,,,,,,,,,,,,,,,
333,0.0,0.0,2295.0,333.0,6.0,2295.0,0.1,6.0,6.0,0.0,,,,,,,,,,,,,,,,,,,,,,,,,,,,,,,,,,,,,,,
334,0.0,0.0,2300.0,334.0,5.0,2300.0,0.1,5.0,5.0,0.0,,,,,,,,,,,,,,,,,,,,,,,,,,,,,,,,,,,,,,,
335,0.0,0.0,2319.0,335.0,19.0,2319.0,0.1,19.0,19.0,0.0,,,,,,,,,,,,,,,,,,,,,,,,,,,,,,,,,,,,,,,
336,0.0,0.0,2332.0,336.0,13.0,2332.0,0.1,13.0,13.0,0.0,,,,,,,,,,,,,,,,,,,,,,,,,,,,,,,,,,,,,,,
337,0.0,0.0,2337.0,337.0,5.0,2337.0,0.1,5.0,5.0,0.0,,,,,,,,,,,,,,,,,,,,,,,,,,,,,,,,,,,,,,,
338,0.0,0.0,2344.0,338.0,7.0,2344.0,0.1,7.0,7.0,0.0,,,,,,,,,,,,,,,,,,,,,,,,,,,,,,,,,,,,,,,
339,0.0,0.0,2352.0,339.0,8.0,2352.0,0.1,8.0,8.0,0.0,,,,,,,,,,,,,,,,,,,,,,,,,,,,,,,,,,,,,,,
340,0.0,0.0,2378.0,340.0,26.0,2378.0,0.1,26.0,26.0,0.0,,,,,,,,,,,,,,,,,,,,,,,,,,,,,,,,,,,,,,,
341,0.0,0.0,2383.0,341.0,5.0,2383.0,0.1,5.0,5.0,0.0,,,,,,,,,,,,,,,,,,,,,,,,,,,,,,,,,,,,,,,
342,0.0,0.0,2391.0,342.0,8.0,2391.0,0.1,8.0,8.0,0.0,,,,,,,,,,,,,,,,,,,,,,,,,,,,,,,,,,,,,,,
343,0.0,0.0,2405.0,343.0,14.0,2405.0,0.1,14.0,14.0,0.0,,,,,,,,,,,,,,,,,,,,,,,,,,,,,,,,,,,,,,,
344,0.0,0.0,2416.0,344.0,11.0,2416.0,0.1,11.0,11.0,0.0,,,,,,,,,,,,,,,,,,,,,,,,,,,,,,,,,,,,,,,
345,0.0,0.0,2430.0,345.0,14.0,2430.0,0.1,14.0,14.0,0.0,,,,,,,,,,,,,,,,,,,,,,,,,,,,,,,,,,,,,,,
346,0.0,0.0,2434.0,346.0,4.0,2434.0,0.1,4.0,4.0,0.0,,,,,,,,,,,,,,,,,,,,,,,,,,,,,,,,,,,,,,,
347,0.0,0.0,2443.0,347.0,9.0,2443.0,0.1,9.0,9.0,0.0,,,,,,,,,,,,,,,,,,,,,,,,,,,,,,,,,,,,,,,
348,0.0,0.0,2450.0,348.0,7.0,2450.0,0.1,7.0,7.0,0.0,,,,,,,,,,,,,,,,,,,,,,,,,,,,,,,,,,,,,,,
349,0.0,0.0,2455.0,349.0,5.0,2455.0,0.1,5.0,5.0,0.0,,,,,,,,,,,,,,,,,,,,,,,,,,,,,,,,,,,,,,,
350,0.0,0.0,2479.0,350.0,24.0,2479.0,0.1,24.0,24.0,0.0,,,,,,,,,,,,,,,,,,,,,,,,,,,,,,,,,,,,,,,
351,0.0,0.0,2486.0,351.0,7.0,2486.0,0.1,7.0,7.0,0.0,,,,,,,,,,,,,,,,,,,,,,,,,,,,,,,,,,,,,,,
352,0.0,0.0,2508.0,352.0,22.0,2508.0,0.1,22.0,22.0,0.0,,,,,,,,,,,,,,,,,,,,,,,,,,,,,,,,,,,,,,,
353,0.0,0.0,2513.0,353.0,5.0,2513.0,0.1,5.0,5.0,0.0,,,,,,,,,,,,,,,,,,,,,,,,,,,,,,,,,,,,,,,
354,0.0,0.0,2519.0,354.0,6.0,2519.0,0.1,6.0,6.0,0.0,,,,,,,,,,,,,,,,,,,,,,,,,,,,,,,,,,,,,,,
355,0.0,0.0,2526.0,355.0,7.0,2526.0,0.1,7.0,7.0,0.0,,,,,,,,,,,,,,,,,,,,,,,,,,,,,,,,,,,,,,,
356,0.0,0.0,2530.0,356.0,4.0,2530.0,0.1,4.0,4.0,0.0,,,,,,,,,,,,,,,,,,,,,,,,,,,,,,,,,,,,,,,
357,0.0,0.0,2535.0,357.0,5.0,2535.0,0.1,5.0,5.0,0.0,,,,,,,,,,,,,,,,,,,,,,,,,,,,,,,,,,,,,,,
358,0.0,0.0,2541.0,358.0,6.0,2541.0,0.1,6.0,6.0,0.0,,,,,,,,,,,,,,,,,,,,,,,,,,,,,,,,,,,,,,,
359,0.0,0.0,2550.0,359.0,9.0,2550.0,0.1,9.0,9.0,0.0,,,,,,,,,,,,,,,,,,,,,,,,,,,,,,,,,,,,,,,
360,0.0,0.0,2561.0,360.0,11.0,2561.0,0.1,11.0,11.0,0.0,,,,,,,,,,,,,,,,,,,,,,,,,,,,,,,,,,,,,,,
361,0.0,0.0,2565.0,361.0,4.0,2565.0,0.1,4.0,4.0,0.0,,,,,,,,,,,,,,,,,,,,,,,,,,,,,,,,,,,,,,,
362,0.0,0.0,2572.0,362.0,7.0,2572.0,0.1,7.0,7.0,0.0,,,,,,,,,,,,,,,,,,,,,,,,,,,,,,,,,,,,,,,
363,0.0,0.0,2582.0,363.0,10.0,2582.0,0.1,10.0,10.0,0.0,,,,,,,,,,,,,,,,,,,,,,,,,,,,,,,,,,,,,,,
364,0.0,0.0,2586.0,364.0,4.0,2586.0,0.1,4.0,4.0,0.0,,,,,,,,,,,,,,,,,,,,,,,,,,,,,,,,,,,,,,,
365,0.0,0.0,2591.0,365.0,5.0,2591.0,0.1,5.0,5.0,0.0,,,,,,,,,,,,,,,,,,,,,,,,,,,,,,,,,,,,,,,
366,0.0,0.0,2598.0,366.0,7.0,2598.0,0.1,7.0,7.0,0.0,,,,,,,,,,,,,,,,,,,,,,,,,,,,,,,,,,,,,,,
367,0.0,0.0,2606.0,367.0,8.0,2606.0,0.1,8.0,8.0,0.0,,,,,,,,,,,,,,,,,,,,,,,,,,,,,,,,,,,,,,,
368,0.0,0.0,2614.0,368.0,8.0,2614.0,0.1,8.0,8.0,0.0,,,,,,,,,,,,,,,,,,,,,,,,,,,,,,,,,,,,,,,
369,0.0,0.0,2619.0,369.0,5.0,2619.0,0.1,5.0,5.0,0.0,,,,,,,,,,,,,,,,,,,,,,,,,,,,,,,,,,,,,,,
370,0.0,0.0,2626.0,370.0,7.0,2626.0,0.1,7.0,7.0,0.0,,,,,,,,,,,,,,,,,,,,,,,,,,,,,,,,,,,,,,,
371,0.0,0.0,2630.0,371.0,4.0,2630.0,0.1,4.0,4.0,0.0,,,,,,,,,,,,,,,,,,,,,,,,,,,,,,,,,,,,,,,
372,0.0,0.0,2636.0,372.0,6.0,2636.0,0.1,6.0,6.0,0.0,,,,,,,,,,,,,,,,,,,,,,,,,,,,,,,,,,,,,,,
373,0.0,0.0,2647.0,373.0,11.0,2647.0,0.1,11.0,11.0,0.0,,,,,,,,,,,,,,,,,,,,,,,,,,,,,,,,,,,,,,,
374,0.0,0.0,2653.0,374.0,6.0,2653.0,0.1,6.0,6.0,0.0,,,,,,,,,,,,,,,,,,,,,,,,,,,,,,,,,,,,,,,
375,0.0,0.0,2661.0,375.0,8.0,2661.0,0.1,8.0,8.0,0.0,,,,,,,,,,,,,,,,,,,,,,,,,,,,,,,,,,,,,,,
376,0.0,0.0,2672.0,376.0,11.0,2672.0,0.1,11.0,11.0,0.0,,,,,,,,,,,,,,,,,,,,,,,,,,,,,,,,,,,,,,,
377,0.0,0.0,2678.0,377.0,6.0,2678.0,0.1,6.0,6.0,0.0,,,,,,,,,,,,,,,,,,,,,,,,,,,,,,,,,,,,,,,
378,0.0,0.0,2684.0,378.0,6.0,2684.0,0.1,6.0,6.0,0.0,,,,,,,,,,,,,,,,,,,,,,,,,,,,,,,,,,,,,,,
379,0.0,0.0,2687.0,379.0,3.0,2687.0,0.1,3.0,3.0,0.0,,,,,,,,,,,,,,,,,,,,,,,,,,,,,,,,,,,,,,,
380,0.0,0.0,2693.0,380.0,6.0,2693.0,0.1,6.0,6.0,0.0,,,,,,,,,,,,,,,,,,,,,,,,,,,,,,,,,,,,,,,
381,0.0,0.0,2702.0,381.0,9.0,2702.0,0.1,9.0,9.0,0.0,,,,,,,,,,,,,,,,,,,,,,,,,,,,,,,,,,,,,,,
382,0.0,0.0,2707.0,382.0,5.0,2707.0,0.1,5.0,5.0,0.0,,,,,,,,,,,,,,,,,,,,,,,,,,,,,,,,,,,,,,,
383,0.0,0.0,2712.0,383.0,5.0,2712.0,0.1,5.0,5.0,0.0,,,,,,,,,,,,,,,,,,,,,,,,,,,,,,,,,,,,,,,
384,0.0,0.0,2715.0,384.0,3.0,2715.0,0.1,3.0,3.0,0.0,,,,,,,,,,,,,,,,,,,,,,,,,,,,,,,,,,,,,,,
385,0.0,0.0,2723.0,385.0,8.0,2723.0,0.1,8.0,8.0,0.0,,,,,,,,,,,,,,,,,,,,,,,,,,,,,,,,,,,,,,,
386,0.0,0.0,2731.0,386.0,8.0,2731.0,0.1,8.0,8.0,0.0,,,,,,,,,,,,,,,,,,,,,,,,,,,,,,,,,,,,,,,
387,0.0,0.0,2736.0,387.0,5.0,2736.0,0.1,5.0,5.0,0.0,,,,,,,,,,,,,,,,,,,,,,,,,,,,,,,,,,,,,,,
388,0.0,0.0,2743.0,388.0,7.0,2743.0,0.1,7.0,7.0,0.0,,,,,,,,,,,,,,,,,,,,,,,,,,,,,,,,,,,,,,,
389,0.0,0.0,2757.0,389.0,14.0,2757.0,0.1,14.0,14.0,0.0,,,,,,,,,,,,,,,,,,,,,,,,,,,,,,,,,,,,,,,
390,0.0,0.0,2766.0,390.0,9.0,2766.0,0.1,9.0,9.0,0.0,,,,,,,,,,,,,,,,,,,,,,,,,,,,,,,,,,,,,,,
391,0.0,0.0,2771.0,391.0,5.0,2771.0,0.1,5.0,5.0,0.0,,,,,,,,,,,,,,,,,,,,,,,,,,,,,,,,,,,,,,,
392,0.0,0.0,2781.0,392.0,10.0,2781.0,0.1,10.0,10.0,0.0,,,,,,,,,,,,,,,,,,,,,,,,,,,,,,,,,,,,,,,
393,0.0,0.0,2786.0,393.0,5.0,2786.0,0.1,5.0,5.0,0.0,,,,,,,,,,,,,,,,,,,,,,,,,,,,,,,,,,,,,,,
394,0.0,0.0,2791.0,394.0,5.0,2791.0,0.1,5.0,5.0,0.0,,,,,,,,,,,,,,,,,,,,,,,,,,,,,,,,,,,,,,,
395,0.0,0.0,2800.0,395.0,9.0,2800.0,0.1,9.0,9.0,0.0,,,,,,,,,,,,,,,,,,,,,,,,,,,,,,,,,,,,,,,
396,0.0,0.0,2806.0,396.0,6.0,2806.0,0.1,6.0,6.0,0.0,,,,,,,,,,,,,,,,,,,,,,,,,,,,,,,,,,,,,,,
397,0.0,0.0,2810.0,397.0,4.0,2810.0,0.1,4.0,4.0,0.0,,,,,,,,,,,,,,,,,,,,,,,,,,,,,,,,,,,,,,,
398,0.0,0.0,2824.0,398.0,14.0,2824.0,0.1,14.0,14.0,0.0,,,,,,,,,,,,,,,,,,,,,,,,,,,,,,,,,,,,,,,
399,0.0,0.0,2833.0,399.0,9.0,2833.0,0.1,9.0,9.0,0.0,,,,,,,,,,,,,,,,,,,,,,,,,,,,,,,,,,,,,,,
400,0.0,0.0,2843.0,400.0,10.0,2843.0,0.1,10.0,10.0,0.0,,,,,,,,,,,,,,,,,,,,,,,,,,,,,,,,,,,,,,,
401,0.0,0.0,2856.0,401.0,13.0,2856.0,0.1,13.0,13.0,0.0,,,,,,,,,,,,,,,,,,,,,,,,,,,,,,,,,,,,,,,
402,0.0,0.0,2861.0,402.0,5.0,2861.0,0.1,5.0,5.0,0.0,,,,,,,,,,,,,,,,,,,,,,,,,,,,,,,,,,,,,,,
403,0.0,0.0,2865.0,403.0,4.0,2865.0,0.1,4.0,4.0,0.0,,,,,,,,,,,,,,,,,,,,,,,,,,,,,,,,,,,,,,,
404,0.0,0.0,2870.0,404.0,5.0,2870.0,0.1,5.0,5.0,0.0,,,,,,,,,,,,,,,,,,,,,,,,,,,,,,,,,,,,,,,
405,0.0,0.0,2890.0,405.0,20.0,2890.0,0.1,20.0,20.0,0.0,,,,,,,,,,,,,,,,,,,,,,,,,,,,,,,,,,,,,,,
406,0.0,0.0,2899.0,406.0,9.0,2899.0,0.1,9.0,9.0,0.0,,,,,,,,,,,,,,,,,,,,,,,,,,,,,,,,,,,,,,,
407,0.0,0.0,2905.0,407.0,6.0,2905.0,0.1,6.0,6.0,0.0,,,,,,,,,,,,,,,,,,,,,,,,,,,,,,,,,,,,,,,
408,0.0,0.0,2913.0,408.0,8.0,2913.0,0.1,8.0,8.0,0.0,,,,,,,,,,,,,,,,,,,,,,,,,,,,,,,,,,,,,,,
409,0.0,0.0,2932.0,409.0,19.0,2932.0,0.1,19.0,19.0,0.0,,,,,,,,,,,,,,,,,,,,,,,,,,,,,,,,,,,,,,,
410,0.0,0.0,2936.0,410.0,4.0,2936.0,0.1,4.0,4.0,0.0,,,,,,,,,,,,,,,,,,,,,,,,,,,,,,,,,,,,,,,
411,0.0,0.0,2942.0,411.0,6.0,2942.0,0.1,6.0,6.0,0.0,,,,,,,,,,,,,,,,,,,,,,,,,,,,,,,,,,,,,,,
412,0.0,0.0,2946.0,412.0,4.0,2946.0,0.1,4.0,4.0,0.0,,,,,,,,,,,,,,,,,,,,,,,,,,,,,,,,,,,,,,,
413,0.0,0.0,2961.0,413.0,15.0,2961.0,0.1,15.0,15.0,0.0,,,,,,,,,,,,,,,,,,,,,,,,,,,,,,,,,,,,,,,
414,0.0,0.0,2966.0,414.0,5.0,2966.0,0.1,5.0,5.0,0.0,,,,,,,,,,,,,,,,,,,,,,,,,,,,,,,,,,,,,,,
415,0.0,0.0,2970.0,415.0,4.0,2970.0,0.1,4.0,4.0,0.0,,,,,,,,,,,,,,,,,,,,,,,,,,,,,,,,,,,,,,,
416,0.0,0.0,2975.0,416.0,5.0,2975.0,0.1,5.0,5.0,0.0,,,,,,,,,,,,,,,,,,,,,,,,,,,,,,,,,,,,,,,
417,0.0,0.0,2981.0,417.0,6.0,2981.0,0.1,6.0,6.0,0.0,,,,,,,,,,,,,,,,,,,,,,,,,,,,,,,,,,,,,,,
418,0.0,0.0,2985.0,418.0,4.0,2985.0,0.1,4.0,4.0,0.0,,,,,,,,,,,,,,,,,,,,,,,,,,,,,,,,,,,,,,,
419,0.0,0.0,2990.0,419.0,5.0,2990.0,0.1,5.0,5.0,0.0,,,,,,,,,,,,,,,,,,,,,,,,,,,,,,,,,,,,,,,
420,0.0,0.0,3002.0,420.0,12.0,3002.0,0.1,12.0,12.0,0.0,,,,,,,,,,,,,,,,,,,,,,,,,,,,,,,,,,,,,,,
421,0.0,0.0,3017.0,421.0,15.0,3017.0,0.1,15.0,15.0,0.0,,,,,,,,,,,,,,,,,,,,,,,,,,,,,,,,,,,,,,,
422,0.0,0.0,3031.0,422.0,14.0,3031.0,0.1,14.0,14.0,0.0,,,,,,,,,,,,,,,,,,,,,,,,,,,,,,,,,,,,,,,
423,0.0,0.0,3040.0,423.0,9.0,3040.0,0.1,9.0,9.0,0.0,,,,,,,,,,,,,,,,,,,,,,,,,,,,,,,,,,,,,,,
424,0.0,0.0,3045.0,424.0,5.0,3045.0,0.1,5.0,5.0,0.0,,,,,,,,,,,,,,,,,,,,,,,,,,,,,,,,,,,,,,,
425,0.0,0.0,3060.0,425.0,15.0,3060.0,0.1,15.0,15.0,0.0,,,,,,,,,,,,,,,,,,,,,,,,,,,,,,,,,,,,,,,
426,0.0,0.0,3072.0,426.0,12.0,3072.0,0.1,12.0,12.0,0.0,,,,,,,,,,,,,,,,,,,,,,,,,,,,,,,,,,,,,,,
427,0.0,0.0,3077.0,427.0,5.0,3077.0,0.1,5.0,5.0,0.0,,,,,,,,,,,,,,,,,,,,,,,,,,,,,,,,,,,,,,,
428,0.0,0.0,3081.0,428.0,4.0,3081.0,0.1,4.0,4.0,0.0,,,,,,,,,,,,,,,,,,,,,,,,,,,,,,,,,,,,,,,
429,0.0,0.0,3087.0,429.0,6.0,3087.0,0.1,6.0,6.0,0.0,,,,,,,,,,,,,,,,,,,,,,,,,,,,,,,,,,,,,,,
430,0.0,0.0,3094.0,430.0,7.0,3094.0,0.1,7.0,7.0,0.0,,,,,,,,,,,,,,,,,,,,,,,,,,,,,,,,,,,,,,,
431,0.0,0.0,3101.0,431.0,7.0,3101.0,0.1,7.0,7.0,0.0,,,,,,,,,,,,,,,,,,,,,,,,,,,,,,,,,,,,,,,
432,0.0,0.0,3107.0,432.0,6.0,3107.0,0.1,6.0,6.0,0.0,,,,,,,,,,,,,,,,,,,,,,,,,,,,,,,,,,,,,,,
433,0.0,0.0,3125.0,433.0,18.0,3125.0,0.1,18.0,18.0,0.0,,,,,,,,,,,,,,,,,,,,,,,,,,,,,,,,,,,,,,,
434,0.0,0.0,3133.0,434.0,8.0,3133.0,0.1,8.0,8.0,0.0,,,,,,,,,,,,,,,,,,,,,,,,,,,,,,,,,,,,,,,
435,0.0,0.0,3137.0,435.0,4.0,3137.0,0.1,4.0,4.0,0.0,,,,,,,,,,,,,,,,,,,,,,,,,,,,,,,,,,,,,,,
436,0.0,0.0,3140.0,436.0,3.0,3140.0,0.1,3.0,3.0,0.0,,,,,,,,,,,,,,,,,,,,,,,,,,,,,,,,,,,,,,,
437,0.0,0.0,3145.0,437.0,5.0,3145.0,0.1,5.0,5.0,0.0,,,,,,,,,,,,,,,,,,,,,,,,,,,,,,,,,,,,,,,
438,0.0,0.0,3149.0,438.0,4.0,3149.0,0.1,4.0,4.0,0.0,,,,,,,,,,,,,,,,,,,,,,,,,,,,,,,,,,,,,,,
439,0.0,0.0,3157.0,439.0,8.0,3157.0,0.1,8.0,8.0,0.0,,,,,,,,,,,,,,,,,,,,,,,,,,,,,,,,,,,,,,,
440,0.0,0.0,3161.0,440.0,4.0,3161.0,0.1,4.0,4.0,0.0,,,,,,,,,,,,,,,,,,,,,,,,,,,,,,,,,,,,,,,
441,0.0,0.0,3169.0,441.0,8.0,3169.0,0.1,8.0,8.0,0.0,,,,,,,,,,,,,,,,,,,,,,,,,,,,,,,,,,,,,,,
442,0.0,0.0,3173.0,442.0,4.0,3173.0,0.1,4.0,4.0,0.0,,,,,,,,,,,,,,,,,,,,,,,,,,,,,,,,,,,,,,,
443,0.0,0.0,3177.0,443.0,4.0,3177.0,0.1,4.0,4.0,0.0,,,,,,,,,,,,,,,,,,,,,,,,,,,,,,,,,,,,,,,
444,0.0,0.0,3181.0,444.0,4.0,3181.0,0.1,4.0,4.0,0.0,,,,,,,,,,,,,,,,,,,,,,,,,,,,,,,,,,,,,,,
445,0.0,0.0,3187.0,445.0,6.0,3187.0,0.1,6.0,6.0,0.0,,,,,,,,,,,,,,,,,,,,,,,,,,,,,,,,,,,,,,,
446,0.0,0.0,3197.0,446.0,10.0,3197.0,0.1,10.0,10.0,0.0,,,,,,,,,,,,,,,,,,,,,,,,,,,,,,,,,,,,,,,
447,0.0,0.0,3212.0,447.0,15.0,3212.0,0.1,15.0,15.0,0.0,,,,,,,,,,,,,,,,,,,,,,,,,,,,,,,,,,,,,,,
448,0.0,0.0,3216.0,448.0,4.0,3216.0,0.1,4.0,4.0,0.0,,,,,,,,,,,,,,,,,,,,,,,,,,,,,,,,,,,,,,,
449,0.0,0.0,3223.0,449.0,7.0,3223.0,0.1,7.0,7.0,0.0,,,,,,,,,,,,,,,,,,,,,,,,,,,,,,,,,,,,,,,
450,0.0,0.0,3227.0,450.0,4.0,3227.0,0.1,4.0,4.0,0.0,,,,,,,,,,,,,,,,,,,,,,,,,,,,,,,,,,,,,,,
451,0.0,0.0,3238.0,451.0,11.0,3238.0,0.1,11.0,11.0,0.0,,,,,,,,,,,,,,,,,,,,,,,,,,,,,,,,,,,,,,,
452,0.0,0.0,3250.0,452.0,12.0,3250.0,0.1,12.0,12.0,0.0,,,,,,,,,,,,,,,,,,,,,,,,,,,,,,,,,,,,,,,
453,0.0,0.0,3259.0,453.0,9.0,3259.0,0.1,9.0,9.0,0.0,,,,,,,,,,,,,,,,,,,,,,,,,,,,,,,,,,,,,,,
454,0.0,0.0,3269.0,454.0,10.0,3269.0,0.1,10.0,10.0,0.0,,,,,,,,,,,,,,,,,,,,,,,,,,,,,,,,,,,,,,,
455,0.0,0.0,3277.0,455.0,8.0,3277.0,0.1,8.0,8.0,0.0,,,,,,,,,,,,,,,,,,,,,,,,,,,,,,,,,,,,,,,
456,0.0,0.0,3286.0,456.0,9.0,3286.0,0.1,9.0,9.0,0.0,,,,,,,,,,,,,,,,,,,,,,,,,,,,,,,,,,,,,,,
457,0.0,0.0,3290.0,457.0,4.0,3290.0,0.1,4.0,4.0,0.0,,,,,,,,,,,,,,,,,,,,,,,,,,,,,,,,,,,,,,,
458,0.0,0.0,3295.0,458.0,5.0,3295.0,0.1,5.0,5.0,0.0,,,,,,,,,,,,,,,,,,,,,,,,,,,,,,,,,,,,,,,
459,0.0,0.0,3301.0,459.0,6.0,3301.0,0.1,6.0,6.0,0.0,,,,,,,,,,,,,,,,,,,,,,,,,,,,,,,,,,,,,,,
460,0.0,0.0,3305.0,460.0,4.0,3305.0,0.1,4.0,4.0,0.0,,,,,,,,,,,,,,,,,,,,,,,,,,,,,,,,,,,,,,,
461,0.0,0.0,3311.0,461.0,6.0,3311.0,0.1,6.0,6.0,0.0,,,,,,,,,,,,,,,,,,,,,,,,,,,,,,,,,,,,,,,
462,0.0,0.0,3316.0,462.0,5.0,3316.0,0.1,5.0,5.0,0.0,,,,,,,,,,,,,,,,,,,,,,,,,,,,,,,,,,,,,,,
463,0.0,0.0,3329.0,463.0,13.0,3329.0,0.1,13.0,13.0,0.0,,,,,,,,,,,,,,,,,,,,,,,,,,,,,,,,,,,,,,,
464,0.0,0.0,3333.0,464.0,4.0,3333.0,0.1,4.0,4.0,0.0,,,,,,,,,,,,,,,,,,,,,,,,,,,,,,,,,,,,,,,
465,0.0,0.0,3341.0,465.0,8.0,3341.0,0.1,8.0,8.0,0.0,,,,,,,,,,,,,,,,,,,,,,,,,,,,,,,,,,,,,,,
466,0.0,0.0,3345.0,466.0,4.0,3345.0,0.1,4.0,4.0,0.0,,,,,,,,,,,,,,,,,,,,,,,,,,,,,,,,,,,,,,,
467,0.0,0.0,3353.0,467.0,8.0,3353.0,0.1,8.0,8.0,0.0,,,,,,,,,,,,,,,,,,,,,,,,,,,,,,,,,,,,,,,
468,0.0,0.0,3363.0,468.0,10.0,3363.0,0.1,10.0,10.0,0.0,,,,,,,,,,,,,,,,,,,,,,,,,,,,,,,,,,,,,,,
469,0.0,0.0,3367.0,469.0,4.0,3367.0,0.1,4.0,4.0,0.0,,,,,,,,,,,,,,,,,,,,,,,,,,,,,,,,,,,,,,,
470,0.0,0.0,3374.0,470.0,7.0,3374.0,0.1,7.0,7.0,0.0,,,,,,,,,,,,,,,,,,,,,,,,,,,,,,,,,,,,,,,
471,0.0,0.0,3381.0,471.0,7.0,3381.0,0.1,7.0,7.0,0.0,,,,,,,,,,,,,,,,,,,,,,,,,,,,,,,,,,,,,,,
472,0.0,0.0,3395.0,472.0,14.0,3395.0,0.1,14.0,14.0,0.0,,,,,,,,,,,,,,,,,,,,,,,,,,,,,,,,,,,,,,,
473,0.0,0.0,3402.0,473.0,7.0,3402.0,0.1,7.0,7.0,0.0,,,,,,,,,,,,,,,,,,,,,,,,,,,,,,,,,,,,,,,
474,0.0,0.0,3416.0,474.0,14.0,3416.0,0.1,14.0,14.0,0.0,,,,,,,,,,,,,,,,,,,,,,,,,,,,,,,,,,,,,,,
475,0.0,0.0,3419.0,475.0,3.0,3419.0,0.1,3.0,3.0,0.0,,,,,,,,,,,,,,,,,,,,,,,,,,,,,,,,,,,,,,,
476,0.0,0.0,3423.0,476.0,4.0,3423.0,0.1,4.0,4.0,0.0,,,,,,,,,,,,,,,,,,,,,,,,,,,,,,,,,,,,,,,
477,0.0,0.0,3436.0,477.0,13.0,3436.0,0.1,13.0,13.0,0.0,,,,,,,,,,,,,,,,,,,,,,,,,,,,,,,,,,,,,,,
478,0.0,0.0,3459.0,478.0,23.0,3459.0,0.1,23.0,23.0,0.0,,,,,,,,,,,,,,,,,,,,,,,,,,,,,,,,,,,,,,,
479,0.0,0.0,3465.0,479.0,6.0,3465.0,0.1,6.0,6.0,0.0,,,,,,,,,,,,,,,,,,,,,,,,,,,,,,,,,,,,,,,
480,0.0,0.0,3473.0,480.0,8.0,3473.0,0.1,8.0,8.0,0.0,,,,,,,,,,,,,,,,,,,,,,,,,,,,,,,,,,,,,,,
481,0.0,0.0,3480.0,481.0,7.0,3480.0,0.1,7.0,7.0,0.0,,,,,,,,,,,,,,,,,,,,,,,,,,,,,,,,,,,,,,,
482,0.0,0.0,3492.0,482.0,12.0,3492.0,0.1,12.0,12.0,0.0,,,,,,,,,,,,,,,,,,,,,,,,,,,,,,,,,,,,,,,
483,0.0,0.0,3499.0,483.0,7.0,3499.0,0.1,7.0,7.0,0.0,,,,,,,,,,,,,,,,,,,,,,,,,,,,,,,,,,,,,,,
484,0.0,0.0,3507.0,484.0,8.0,3507.0,0.1,8.0,8.0,0.0,,,,,,,,,,,,,,,,,,,,,,,,,,,,,,,,,,,,,,,
485,0.0,0.0,3513.0,485.0,6.0,3513.0,0.1,6.0,6.0,0.0,,,,,,,,,,,,,,,,,,,,,,,,,,,,,,,,,,,,,,,
486,0.0,0.0,3518.0,486.0,5.0,3518.0,0.1,5.0,5.0,0.0,,,,,,,,,,,,,,,,,,,,,,,,,,,,,,,,,,,,,,,
487,0.0,0.0,3528.0,487.0,10.0,3528.0,0.1,10.0,10.0,0.0,,,,,,,,,,,,,,,,,,,,,,,,,,,,,,,,,,,,,,,
488,0.0,0.0,3537.0,488.0,9.0,3537.0,0.1,9.0,9.0,0.0,,,,,,,,,,,,,,,,,,,,,,,,,,,,,,,,,,,,,,,
489,0.0,0.0,3548.0,489.0,11.0,3548.0,0.1,11.0,11.0,0.0,,,,,,,,,,,,,,,,,,,,,,,,,,,,,,,,,,,,,,,
490,0.0,0.0,3553.0,490.0,5.0,3553.0,0.1,5.0,5.0,0.0,,,,,,,,,,,,,,,,,,,,,,,,,,,,,,,,,,,,,,,
491,0.0,0.0,3559.0,491.0,6.0,3559.0,0.1,6.0,6.0,0.0,,,,,,,,,,,,,,,,,,,,,,,,,,,,,,,,,,,,,,,
492,0.0,0.0,3572.0,492.0,13.0,3572.0,0.1,13.0,13.0,0.0,,,,,,,,,,,,,,,,,,,,,,,,,,,,,,,,,,,,,,,
493,0.0,0.0,3576.0,493.0,4.0,3576.0,0.1,4.0,4.0,0.0,,,,,,,,,,,,,,,,,,,,,,,,,,,,,,,,,,,,,,,
494,0.0,0.0,3580.0,494.0,4.0,3580.0,0.1,4.0,4.0,0.0,,,,,,,,,,,,,,,,,,,,,,,,,,,,,,,,,,,,,,,
495,0.0,0.0,3607.0,495.0,27.0,3607.0,0.1,27.0,27.0,0.0,,,,,,,,,,,,,,,,,,,,,,,,,,,,,,,,,,,,,,,
496,0.0,0.0,3612.0,496.0,5.0,3612.0,0.1,5.0,5.0,0.0,,,,,,,,,,,,,,,,,,,,,,,,,,,,,,,,,,,,,,,
497,0.0,0.0,3621.0,497.0,9.0,3621.0,0.1,9.0,9.0,0.0,,,,,,,,,,,,,,,,,,,,,,,,,,,,,,,,,,,,,,,
498,0.0,0.0,3629.0,498.0,8.0,3629.0,0.1,8.0,8.0,0.0,,,,,,,,,,,,,,,,,,,,,,,,,,,,,,,,,,,,,,,
499,0.0,0.0,3636.0,499.0,7.0,3636.0,0.1,7.0,7.0,0.0,,,,,,,,,,,,,,,,,,,,,,,,,,,,,,,,,,,,,,,
500,0.0,0.0,3652.0,500.0,16.0,3652.0,0.1,16.0,16.0,0.0,,,,,,,,,,,,,,,,,,,,,,,,,,,,,,,,,,,,,,,
501,0.0,0.0,3658.0,501.0,6.0,3658.0,0.1,6.0,6.0,0.0,,,,,,,,,,,,,,,,,,,,,,,,,,,,,,,,,,,,,,,
502,0.0,0.0,3669.0,502.0,11.0,3669.0,0.1,11.0,11.0,0.0,,,,,,,,,,,,,,,,,,,,,,,,,,,,,,,,,,,,,,,
503,0.0,0.0,3674.0,503.0,5.0,3674.0,0.1,5.0,5.0,0.0,,,,,,,,,,,,,,,,,,,,,,,,,,,,,,,,,,,,,,,
504,0.0,0.0,3678.0,504.0,4.0,3678.0,0.1,4.0,4.0,0.0,,,,,,,,,,,,,,,,,,,,,,,,,,,,,,,,,,,,,,,
505,0.0,0.0,3686.0,505.0,8.0,3686.0,0.1,8.0,8.0,0.0,,,,,,,,,,,,,,,,,,,,,,,,,,,,,,,,,,,,,,,
506,0.0,0.0,3703.0,506.0,17.0,3703.0,0.1,17.0,17.0,0.0,,,,,,,,,,,,,,,,,,,,,,,,,,,,,,,,,,,,,,,
507,0.0,0.0,3711.0,507.0,8.0,3711.0,0.1,8.0,8.0,0.0,,,,,,,,,,,,,,,,,,,,,,,,,,,,,,,,,,,,,,,
508,0.0,0.0,3715.0,508.0,4.0,3715.0,0.1,4.0,4.0,0.0,,,,,,,,,,,,,,,,,,,,,,,,,,,,,,,,,,,,,,,
509,0.0,0.0,3728.0,509.0,13.0,3728.0,0.1,13.0,13.0,0.0,,,,,,,,,,,,,,,,,,,,,,,,,,,,,,,,,,,,,,,
510,0.0,0.0,3733.0,510.0,5.0,3733.0,0.1,5.0,5.0,0.0,,,,,,,,,,,,,,,,,,,,,,,,,,,,,,,,,,,,,,,
511,0.0,0.0,3743.0,511.0,10.0,3743.0,0.1,10.0,10.0,0.0,,,,,,,,,,,,,,,,,,,,,,,,,,,,,,,,,,,,,,,
512,0.0,0.0,3761.0,512.0,18.0,3761.0,0.1,18.0,18.0,0.0,,,,,,,,,,,,,,,,,,,,,,,,,,,,,,,,,,,,,,,
513,0.0,0.0,3767.0,513.0,6.0,3767.0,0.1,6.0,6.0,0.0,,,,,,,,,,,,,,,,,,,,,,,,,,,,,,,,,,,,,,,
514,0.0,0.0,3782.0,514.0,15.0,3782.0,0.1,15.0,15.0,0.0,,,,,,,,,,,,,,,,,,,,,,,,,,,,,,,,,,,,,,,
515,0.0,0.0,3785.0,515.0,3.0,3785.0,0.1,3.0,3.0,0.0,,,,,,,,,,,,,,,,,,,,,,,,,,,,,,,,,,,,,,,
516,0.0,0.0,3793.0,516.0,8.0,3793.0,0.1,8.0,8.0,0.0,,,,,,,,,,,,,,,,,,,,,,,,,,,,,,,,,,,,,,,
517,0.0,0.0,3799.0,517.0,6.0,3799.0,0.1,6.0,6.0,0.0,,,,,,,,,,,,,,,,,,,,,,,,,,,,,,,,,,,,,,,
518,0.0,0.0,3805.0,518.0,6.0,3805.0,0.1,6.0,6.0,0.0,,,,,,,,,,,,,,,,,,,,,,,,,,,,,,,,,,,,,,,
519,0.0,0.0,3816.0,519.0,11.0,3816.0,0.1,11.0,11.0,0.0,,,,,,,,,,,,,,,,,,,,,,,,,,,,,,,,,,,,,,,
520,0.0,0.0,3823.0,520.0,7.0,3823.0,0.1,7.0,7.0,0.0,,,,,,,,,,,,,,,,,,,,,,,,,,,,,,,,,,,,,,,
521,0.0,0.0,3832.0,521.0,9.0,3832.0,0.1,9.0,9.0,0.0,,,,,,,,,,,,,,,,,,,,,,,,,,,,,,,,,,,,,,,
522,0.0,0.0,3842.0,522.0,10.0,3842.0,0.1,10.0,10.0,0.0,,,,,,,,,,,,,,,,,,,,,,,,,,,,,,,,,,,,,,,
523,0.0,0.0,3848.0,523.0,6.0,3848.0,0.1,6.0,6.0,0.0,,,,,,,,,,,,,,,,,,,,,,,,,,,,,,,,,,,,,,,
524,0.0,0.0,3852.0,524.0,4.0,3852.0,0.1,4.0,4.0,0.0,,,,,,,,,,,,,,,,,,,,,,,,,,,,,,,,,,,,,,,
525,0.0,0.0,3856.0,525.0,4.0,3856.0,0.1,4.0,4.0,0.0,,,,,,,,,,,,,,,,,,,,,,,,,,,,,,,,,,,,,,,
526,0.0,0.0,3871.0,526.0,15.0,3871.0,0.1,15.0,15.0,0.0,,,,,,,,,,,,,,,,,,,,,,,,,,,,,,,,,,,,,,,
527,0.0,0.0,3879.0,527.0,8.0,3879.0,0.1,8.0,8.0,0.0,,,,,,,,,,,,,,,,,,,,,,,,,,,,,,,,,,,,,,,
528,0.0,0.0,3885.0,528.0,6.0,3885.0,0.1,6.0,6.0,0.0,,,,,,,,,,,,,,,,,,,,,,,,,,,,,,,,,,,,,,,
529,0.0,0.0,3899.0,529.0,14.0,3899.0,0.1,14.0,14.0,0.0,,,,,,,,,,,,,,,,,,,,,,,,,,,,,,,,,,,,,,,
530,0.0,0.0,3904.0,530.0,5.0,3904.0,0.1,5.0,5.0,0.0,,,,,,,,,,,,,,,,,,,,,,,,,,,,,,,,,,,,,,,
531,0.0,0.0,3909.0,531.0,5.0,3909.0,0.1,5.0,5.0,0.0,,,,,,,,,,,,,,,,,,,,,,,,,,,,,,,,,,,,,,,
532,0.0,0.0,3917.0,532.0,8.0,3917.0,0.1,8.0,8.0,0.0,,,,,,,,,,,,,,,,,,,,,,,,,,,,,,,,,,,,,,,
533,0.0,0.0,3939.0,533.0,22.0,3939.0,0.1,22.0,22.0,0.0,,,,,,,,,,,,,,,,,,,,,,,,,,,,,,,,,,,,,,,
534,0.0,0.0,3946.0,534.0,7.0,3946.0,0.1,7.0,7.0,0.0,,,,,,,,,,,,,,,,,,,,,,,,,,,,,,,,,,,,,,,
535,0.0,0.0,3961.0,535.0,15.0,3961.0,0.1,15.0,15.0,0.0,,,,,,,,,,,,,,,,,,,,,,,,,,,,,,,,,,,,,,,
536,0.0,0.0,3966.0,536.0,5.0,3966.0,0.1,5.0,5.0,0.0,,,,,,,,,,,,,,,,,,,,,,,,,,,,,,,,,,,,,,,
537,0.0,0.0,3973.0,537.0,7.0,3973.0,0.1,7.0,7.0,0.0,,,,,,,,,,,,,,,,,,,,,,,,,,,,,,,,,,,,,,,
538,0.0,0.0,3977.0,538.0,4.0,3977.0,0.1,4.0,4.0,0.0,,,,,,,,,,,,,,,,,,,,,,,,,,,,,,,,,,,,,,,
539,0.0,0.0,3984.0,539.0,7.0,3984.0,0.1,7.0,7.0,0.0,,,,,,,,,,,,,,,,,,,,,,,,,,,,,,,,,,,,,,,
540,0.0,0.0,3991.0,540.0,7.0,3991.0,0.1,7.0,7.0,0.0,,,,,,,,,,,,,,,,,,,,,,,,,,,,,,,,,,,,,,,
541,0.0,0.0,3999.0,541.0,8.0,3999.0,0.1,8.0,8.0,0.0,,,,,,,,,,,,,,,,,,,,,,,,,,,,,,,,,,,,,,,
542,0.0,0.0,4015.0,542.0,16.0,4015.0,0.1,16.0,16.0,0.0,,,,,,,,,,,,,,,,,,,,,,,,,,,,,,,,,,,,,,,
543,0.0,0.0,4018.0,543.0,3.0,4018.0,0.1,3.0,3.0,0.0,,,,,,,,,,,,,,,,,,,,,,,,,,,,,,,,,,,,,,,
544,0.0,0.0,4032.0,544.0,14.0,4032.0,0.1,14.0,14.0,0.0,,,,,,,,,,,,,,,,,,,,,,,,,,,,,,,,,,,,,,,
545,0.0,0.0,4045.0,545.0,13.0,4045.0,0.1,13.0,13.0,0.0,,,,,,,,,,,,,,,,,,,,,,,,,,,,,,,,,,,,,,,
546,0.0,0.0,4052.0,546.0,7.0,4052.0,0.1,7.0,7.0,0.0,,,,,,,,,,,,,,,,,,,,,,,,,,,,,,,,,,,,,,,
547,0.0,0.0,4059.0,547.0,7.0,4059.0,0.1,7.0,7.0,0.0,,,,,,,,,,,,,,,,,,,,,,,,,,,,,,,,,,,,,,,
548,0.0,0.0,4062.0,548.0,3.0,4062.0,0.1,3.0,3.0,0.0,,,,,,,,,,,,,,,,,,,,,,,,,,,,,,,,,,,,,,,
549,0.0,0.0,4070.0,549.0,8.0,4070.0,0.1,8.0,8.0,0.0,,,,,,,,,,,,,,,,,,,,,,,,,,,,,,,,,,,,,,,
550,0.0,0.0,4077.0,550.0,7.0,4077.0,0.1,7.0,7.0,0.0,,,,,,,,,,,,,,,,,,,,,,,,,,,,,,,,,,,,,,,
551,0.0,0.0,4083.0,551.0,6.0,4083.0,0.1,6.0,6.0,0.0,,,,,,,,,,,,,,,,,,,,,,,,,,,,,,,,,,,,,,,
552,0.0,0.0,4090.0,552.0,7.0,4090.0,0.1,7.0,7.0,0.0,,,,,,,,,,,,,,,,,,,,,,,,,,,,,,,,,,,,,,,
553,0.0,0.0,4098.0,553.0,8.0,4098.0,0.1,8.0,8.0,0.0,,,,,,,,,,,,,,,,,,,,,,,,,,,,,,,,,,,,,,,
554,0.0,0.0,4102.0,554.0,4.0,4102.0,0.1,4.0,4.0,0.0,,,,,,,,,,,,,,,,,,,,,,,,,,,,,,,,,,,,,,,
555,0.0,0.0,4118.0,555.0,16.0,4118.0,0.1,16.0,16.0,0.0,,,,,,,,,,,,,,,,,,,,,,,,,,,,,,,,,,,,,,,
556,0.0,0.0,4124.0,556.0,6.0,4124.0,0.1,6.0,6.0,0.0,,,,,,,,,,,,,,,,,,,,,,,,,,,,,,,,,,,,,,,
557,0.0,0.0,4130.0,557.0,6.0,4130.0,0.1,6.0,6.0,0.0,,,,,,,,,,,,,,,,,,,,,,,,,,,,,,,,,,,,,,,
558,0.0,0.0,4142.0,558.0,12.0,4142.0,0.1,12.0,12.0,0.0,,,,,,,,,,,,,,,,,,,,,,,,,,,,,,,,,,,,,,,
559,0.0,0.0,4151.0,559.0,9.0,4151.0,0.1,9.0,9.0,0.0,,,,,,,,,,,,,,,,,,,,,,,,,,,,,,,,,,,,,,,
560,0.0,0.0,4155.0,560.0,4.0,4155.0,0.1,4.0,4.0,0.0,,,,,,,,,,,,,,,,,,,,,,,,,,,,,,,,,,,,,,,
561,0.0,0.0,4168.0,561.0,13.0,4168.0,0.1,13.0,13.0,0.0,,,,,,,,,,,,,,,,,,,,,,,,,,,,,,,,,,,,,,,
562,0.0,0.0,4173.0,562.0,5.0,4173.0,0.1,5.0,5.0,0.0,,,,,,,,,,,,,,,,,,,,,,,,,,,,,,,,,,,,,,,
563,0.0,0.0,4179.0,563.0,6.0,4179.0,0.1,6.0,6.0,0.0,,,,,,,,,,,,,,,,,,,,,,,,,,,,,,,,,,,,,,,
564,0.0,0.0,4182.0,564.0,3.0,4182.0,0.1,3.0,3.0,0.0,,,,,,,,,,,,,,,,,,,,,,,,,,,,,,,,,,,,,,,
565,0.0,0.0,4187.0,565.0,5.0,4187.0,0.1,5.0,5.0,0.0,,,,,,,,,,,,,,,,,,,,,,,,,,,,,,,,,,,,,,,
566,0.0,0.0,4192.0,566.0,5.0,4192.0,0.1,5.0,5.0,0.0,,,,,,,,,,,,,,,,,,,,,,,,,,,,,,,,,,,,,,,
567,0.0,0.0,4199.0,567.0,7.0,4199.0,0.1,7.0,7.0,0.0,,,,,,,,,,,,,,,,,,,,,,,,,,,,,,,,,,,,,,,
568,0.0,0.0,4204.0,568.0,5.0,4204.0,0.1,5.0,5.0,0.0,,,,,,,,,,,,,,,,,,,,,,,,,,,,,,,,,,,,,,,
569,0.0,0.0,4211.0,569.0,7.0,4211.0,0.1,7.0,7.0,0.0,,,,,,,,,,,,,,,,,,,,,,,,,,,,,,,,,,,,,,,
570,0.0,0.0,4218.0,570.0,7.0,4218.0,0.1,7.0,7.0,0.0,,,,,,,,,,,,,,,,,,,,,,,,,,,,,,,,,,,,,,,
571,0.0,0.0,4222.0,571.0,4.0,4222.0,0.1,4.0,4.0,0.0,,,,,,,,,,,,,,,,,,,,,,,,,,,,,,,,,,,,,,,
572,0.0,0.0,4227.0,572.0,5.0,4227.0,0.1,5.0,5.0,0.0,,,,,,,,,,,,,,,,,,,,,,,,,,,,,,,,,,,,,,,
573,0.0,0.0,4236.0,573.0,9.0,4236.0,0.1,9.0,9.0,0.0,,,,,,,,,,,,,,,,,,,,,,,,,,,,,,,,,,,,,,,
574,0.0,0.0,4242.0,574.0,6.0,4242.0,0.1,6.0,6.0,0.0,,,,,,,,,,,,,,,,,,,,,,,,,,,,,,,,,,,,,,,
575,0.0,0.0,4248.0,575.0,6.0,4248.0,0.1,6.0,6.0,0.0,,,,,,,,,,,,,,,,,,,,,,,,,,,,,,,,,,,,,,,
576,0.0,0.0,4253.0,576.0,5.0,4253.0,0.1,5.0,5.0,0.0,,,,,,,,,,,,,,,,,,,,,,,,,,,,,,,,,,,,,,,
577,0.0,0.0,4257.0,577.0,4.0,4257.0,0.1,4.0,4.0,0.0,,,,,,,,,,,,,,,,,,,,,,,,,,,,,,,,,,,,,,,
578,0.0,0.0,4265.0,578.0,8.0,4265.0,0.1,8.0,8.0,0.0,,,,,,,,,,,,,,,,,,,,,,,,,,,,,,,,,,,,,,,
579,0.0,0.0,4273.0,579.0,8.0,4273.0,0.1,8.0,8.0,0.0,,,,,,,,,,,,,,,,,,,,,,,,,,,,,,,,,,,,,,,
580,0.0,0.0,4278.0,580.0,5.0,4278.0,0.1,5.0,5.0,0.0,,,,,,,,,,,,,,,,,,,,,,,,,,,,,,,,,,,,,,,
581,0.0,0.0,4283.0,581.0,5.0,4283.0,0.1,5.0,5.0,0.0,,,,,,,,,,,,,,,,,,,,,,,,,,,,,,,,,,,,,,,
582,0.0,0.0,4287.0,582.0,4.0,4287.0,0.1,4.0,4.0,0.0,,,,,,,,,,,,,,,,,,,,,,,,,,,,,,,,,,,,,,,
583,0.0,0.0,4291.0,583.0,4.0,4291.0,0.1,4.0,4.0,0.0,,,,,,,,,,,,,,,,,,,,,,,,,,,,,,,,,,,,,,,
584,0.0,0.0,4297.0,584.0,6.0,4297.0,0.1,6.0,6.0,0.0,,,,,,,,,,,,,,,,,,,,,,,,,,,,,,,,,,,,,,,
585,0.0,0.0,4305.0,585.0,8.0,4305.0,0.1,8.0,8.0,0.0,,,,,,,,,,,,,,,,,,,,,,,,,,,,,,,,,,,,,,,
586,0.0,0.0,4317.0,586.0,12.0,4317.0,0.1,12.0,12.0,0.0,,,,,,,,,,,,,,,,,,,,,,,,,,,,,,,,,,,,,,,
587,0.0,0.0,4321.0,587.0,4.0,4321.0,0.1,4.0,4.0,0.0,,,,,,,,,,,,,,,,,,,,,,,,,,,,,,,,,,,,,,,
588,0.0,0.0,4326.0,588.0,5.0,4326.0,0.1,5.0,5.0,0.0,,,,,,,,,,,,,,,,,,,,,,,,,,,,,,,,,,,,,,,
589,0.0,0.0,4331.0,589.0,5.0,4331.0,0.1,5.0,5.0,0.0,,,,,,,,,,,,,,,,,,,,,,,,,,,,,,,,,,,,,,,
590,0.0,0.0,4335.0,590.0,4.0,4335.0,0.1,4.0,4.0,0.0,,,,,,,,,,,,,,,,,,,,,,,,,,,,,,,,,,,,,,,
591,0.0,0.0,4344.0,591.0,9.0,4344.0,0.1,9.0,9.0,0.0,,,,,,,,,,,,,,,,,,,,,,,,,,,,,,,,,,,,,,,
592,0.0,0.0,4349.0,592.0,5.0,4349.0,0.1,5.0,5.0,0.0,,,,,,,,,,,,,,,,,,,,,,,,,,,,,,,,,,,,,,,
593,0.0,0.0,4355.0,593.0,6.0,4355.0,0.1,6.0,6.0,0.0,,,,,,,,,,,,,,,,,,,,,,,,,,,,,,,,,,,,,,,
594,0.0,0.0,4362.0,594.0,7.0,4362.0,0.1,7.0,7.0,0.0,,,,,,,,,,,,,,,,,,,,,,,,,,,,,,,,,,,,,,,
595,0.0,0.0,4371.0,595.0,9.0,4371.0,0.1,9.0,9.0,0.0,,,,,,,,,,,,,,,,,,,,,,,,,,,,,,,,,,,,,,,
596,0.0,0.0,4376.0,596.0,5.0,4376.0,0.1,5.0,5.0,0.0,,,,,,,,,,,,,,,,,,,,,,,,,,,,,,,,,,,,,,,
597,0.0,0.0,4387.0,597.0,11.0,4387.0,0.1,11.0,11.0,0.0,,,,,,,,,,,,,,,,,,,,,,,,,,,,,,,,,,,,,,,
598,0.0,0.0,4394.0,598.0,7.0,4394.0,0.1,7.0,7.0,0.0,,,,,,,,,,,,,,,,,,,,,,,,,,,,,,,,,,,,,,,
599,0.0,0.0,4397.0,599.0,3.0,4397.0,0.1,3.0,3.0,0.0,,,,,,,,,,,,,,,,,,,,,,,,,,,,,,,,,,,,,,,
600,0.0,0.0,4403.0,600.0,6.0,4403.0,0.1,6.0,6.0,0.0,,,,,,,,,,,,,,,,,,,,,,,,,,,,,,,,,,,,,,,
601,0.0,0.0,4413.0,601.0,10.0,4413.0,0.1,10.0,10.0,0.0,,,,,,,,,,,,,,,,,,,,,,,,,,,,,,,,,,,,,,,
602,0.0,0.0,4417.0,602.0,4.0,4417.0,0.1,4.0,4.0,0.0,,,,,,,,,,,,,,,,,,,,,,,,,,,,,,,,,,,,,,,
603,0.0,0.0,4422.0,603.0,5.0,4422.0,0.1,5.0,5.0,0.0,,,,,,,,,,,,,,,,,,,,,,,,,,,,,,,,,,,,,,,
604,0.0,0.0,4428.0,604.0,6.0,4428.0,0.1,6.0,6.0,0.0,,,,,,,,,,,,,,,,,,,,,,,,,,,,,,,,,,,,,,,
605,0.0,0.0,4439.0,605.0,11.0,4439.0,0.1,11.0,11.0,0.0,,,,,,,,,,,,,,,,,,,,,,,,,,,,,,,,,,,,,,,
606,0.0,0.0,4443.0,606.0,4.0,4443.0,0.1,4.0,4.0,0.0,,,,,,,,,,,,,,,,,,,,,,,,,,,,,,,,,,,,,,,
607,0.0,0.0,4446.0,607.0,3.0,4446.0,0.1,3.0,3.0,0.0,,,,,,,,,,,,,,,,,,,,,,,,,,,,,,,,,,,,,,,
608,0.0,0.0,4460.0,608.0,14.0,4460.0,0.1,14.0,14.0,0.0,,,,,,,,,,,,,,,,,,,,,,,,,,,,,,,,,,,,,,,
609,0.0,0.0,4466.0,609.0,6.0,4466.0,0.1,6.0,6.0,0.0,,,,,,,,,,,,,,,,,,,,,,,,,,,,,,,,,,,,,,,
610,0.0,0.0,4472.0,610.0,6.0,4472.0,0.1,6.0,6.0,0.0,,,,,,,,,,,,,,,,,,,,,,,,,,,,,,,,,,,,,,,
611,0.0,0.0,4483.0,611.0,11.0,4483.0,0.1,11.0,11.0,0.0,,,,,,,,,,,,,,,,,,,,,,,,,,,,,,,,,,,,,,,
612,0.0,0.0,4487.0,612.0,4.0,4487.0,0.1,4.0,4.0,0.0,,,,,,,,,,,,,,,,,,,,,,,,,,,,,,,,,,,,,,,
613,0.0,0.0,4493.0,613.0,6.0,4493.0,0.1,6.0,6.0,0.0,,,,,,,,,,,,,,,,,,,,,,,,,,,,,,,,,,,,,,,
614,0.0,0.0,4502.0,614.0,9.0,4502.0,0.1,9.0,9.0,0.0,,,,,,,,,,,,,,,,,,,,,,,,,,,,,,,,,,,,,,,
615,0.0,0.0,4507.0,615.0,5.0,4507.0,0.1,5.0,5.0,0.0,,,,,,,,,,,,,,,,,,,,,,,,,,,,,,,,,,,,,,,
616,0.0,0.0,4516.0,616.0,9.0,4516.0,0.1,9.0,9.0,0.0,,,,,,,,,,,,,,,,,,,,,,,,,,,,,,,,,,,,,,,
617,0.0,0.0,4534.0,617.0,18.0,4534.0,0.1,18.0,18.0,0.0,,,,,,,,,,,,,,,,,,,,,,,,,,,,,,,,,,,,,,,
618,0.0,0.0,4544.0,618.0,10.0,4544.0,0.1,10.0,10.0,0.0,,,,,,,,,,,,,,,,,,,,,,,,,,,,,,,,,,,,,,,
619,0.0,0.0,4557.0,619.0,13.0,4557.0,0.1,13.0,13.0,0.0,,,,,,,,,,,,,,,,,,,,,,,,,,,,,,,,,,,,,,,
620,0.0,0.0,4571.0,620.0,14.0,4571.0,0.1,14.0,14.0,0.0,,,,,,,,,,,,,,,,,,,,,,,,,,,,,,,,,,,,,,,
621,0.0,0.0,4576.0,621.0,5.0,4576.0,0.1,5.0,5.0,0.0,,,,,,,,,,,,,,,,,,,,,,,,,,,,,,,,,,,,,,,
622,0.0,0.0,4583.0,622.0,7.0,4583.0,0.1,7.0,7.0,0.0,,,,,,,,,,,,,,,,,,,,,,,,,,,,,,,,,,,,,,,
623,0.0,0.0,4587.0,623.0,4.0,4587.0,0.1,4.0,4.0,0.0,,,,,,,,,,,,,,,,,,,,,,,,,,,,,,,,,,,,,,,
624,0.0,0.0,4597.0,624.0,10.0,4597.0,0.1,10.0,10.0,0.0,,,,,,,,,,,,,,,,,,,,,,,,,,,,,,,,,,,,,,,
625,0.0,0.0,4603.0,625.0,6.0,4603.0,0.1,6.0,6.0,0.0,,,,,,,,,,,,,,,,,,,,,,,,,,,,,,,,,,,,,,,
626,0.0,0.0,4608.0,626.0,5.0,4608.0,0.1,5.0,5.0,0.0,,,,,,,,,,,,,,,,,,,,,,,,,,,,,,,,,,,,,,,
627,0.0,0.0,4615.0,627.0,7.0,4615.0,0.1,7.0,7.0,0.0,,,,,,,,,,,,,,,,,,,,,,,,,,,,,,,,,,,,,,,
628,0.0,0.0,4621.0,628.0,6.0,4621.0,0.1,6.0,6.0,0.0,,,,,,,,,,,,,,,,,,,,,,,,,,,,,,,,,,,,,,,
629,0.0,0.0,4625.0,629.0,4.0,4625.0,0.1,4.0,4.0,0.0,,,,,,,,,,,,,,,,,,,,,,,,,,,,,,,,,,,,,,,
630,0.0,0.0,4629.0,630.0,4.0,4629.0,0.1,4.0,4.0,0.0,,,,,,,,,,,,,,,,,,,,,,,,,,,,,,,,,,,,,,,
631,0.0,0.0,4634.0,631.0,5.0,4634.0,0.1,5.0,5.0,0.0,,,,,,,,,,,,,,,,,,,,,,,,,,,,,,,,,,,,,,,
632,0.0,0.0,4639.0,632.0,5.0,4639.0,0.1,5.0,5.0,0.0,,,,,,,,,,,,,,,,,,,,,,,,,,,,,,,,,,,,,,,
633,0.0,0.0,4647.0,633.0,8.0,4647.0,0.1,8.0,8.0,0.0,,,,,,,,,,,,,,,,,,,,,,,,,,,,,,,,,,,,,,,
634,0.0,0.0,4667.0,634.0,20.0,4667.0,0.1,20.0,20.0,0.0,,,,,,,,,,,,,,,,,,,,,,,,,,,,,,,,,,,,,,,
635,0.0,0.0,4673.0,635.0,6.0,4673.0,0.1,6.0,6.0,0.0,,,,,,,,,,,,,,,,,,,,,,,,,,,,,,,,,,,,,,,
636,0.0,0.0,4679.0,636.0,6.0,4679.0,0.1,6.0,6.0,0.0,,,,,,,,,,,,,,,,,,,,,,,,,,,,,,,,,,,,,,,
637,0.0,0.0,4690.0,637.0,11.0,4690.0,0.1,11.0,11.0,0.0,,,,,,,,,,,,,,,,,,,,,,,,,,,,,,,,,,,,,,,
638,0.0,0.0,4697.0,638.0,7.0,4697.0,0.1,7.0,7.0,0.0,,,,,,,,,,,,,,,,,,,,,,,,,,,,,,,,,,,,,,,
639,0.0,0.0,4701.0,639.0,4.0,4701.0,0.1,4.0,4.0,0.0,,,,,,,,,,,,,,,,,,,,,,,,,,,,,,,,,,,,,,,
640,0.0,0.0,4707.0,640.0,6.0,4707.0,0.1,6.0,6.0,0.0,,,,,,,,,,,,,,,,,,,,,,,,,,,,,,,,,,,,,,,
641,0.0,0.0,4710.0,641.0,3.0,4710.0,0.1,3.0,3.0,0.0,,,,,,,,,,,,,,,,,,,,,,,,,,,,,,,,,,,,,,,
642,0.0,0.0,4719.0,642.0,9.0,4719.0,0.1,9.0,9.0,0.0,,,,,,,,,,,,,,,,,,,,,,,,,,,,,,,,,,,,,,,
643,0.0,0.0,4732.0,643.0,13.0,4732.0,0.1,13.0,13.0,0.0,,,,,,,,,,,,,,,,,,,,,,,,,,,,,,,,,,,,,,,
644,0.0,0.0,4753.0,644.0,21.0,4753.0,0.1,21.0,21.0,0.0,,,,,,,,,,,,,,,,,,,,,,,,,,,,,,,,,,,,,,,
645,0.0,0.0,4759.0,645.0,6.0,4759.0,0.1,6.0,6.0,0.0,,,,,,,,,,,,,,,,,,,,,,,,,,,,,,,,,,,,,,,
646,0.0,0.0,4765.0,646.0,6.0,4765.0,0.1,6.0,6.0,0.0,,,,,,,,,,,,,,,,,,,,,,,,,,,,,,,,,,,,,,,
647,0.0,0.0,4782.0,647.0,17.0,4782.0,0.1,17.0,17.0,0.0,,,,,,,,,,,,,,,,,,,,,,,,,,,,,,,,,,,,,,,
648,0.0,0.0,4789.0,648.0,7.0,4789.0,0.1,7.0,7.0,0.0,,,,,,,,,,,,,,,,,,,,,,,,,,,,,,,,,,,,,,,
649,0.0,0.0,4794.0,649.0,5.0,4794.0,0.1,5.0,5.0,0.0,,,,,,,,,,,,,,,,,,,,,,,,,,,,,,,,,,,,,,,
650,0.0,0.0,4807.0,650.0,13.0,4807.0,0.1,13.0,13.0,0.0,,,,,,,,,,,,,,,,,,,,,,,,,,,,,,,,,,,,,,,
651,0.0,0.0,4814.0,651.0,7.0,4814.0,0.1,7.0,7.0,0.0,,,,,,,,,,,,,,,,,,,,,,,,,,,,,,,,,,,,,,,
652,0.0,0.0,4824.0,652.0,10.0,4824.0,0.1,10.0,10.0,0.0,,,,,,,,,,,,,,,,,,,,,,,,,,,,,,,,,,,,,,,
653,0.0,0.0,4837.0,653.0,13.0,4837.0,0.1,13.0,13.0,0.0,,,,,,,,,,,,,,,,,,,,,,,,,,,,,,,,,,,,,,,
654,0.0,0.0,4840.0,654.0,3.0,4840.0,0.1,3.0,3.0,0.0,,,,,,,,,,,,,,,,,,,,,,,,,,,,,,,,,,,,,,,
655,0.0,0.0,4847.0,655.0,7.0,4847.0,0.1,7.0,7.0,0.0,,,,,,,,,,,,,,,,,,,,,,,,,,,,,,,,,,,,,,,
656,0.0,0.0,4852.0,656.0,5.0,4852.0,0.1,5.0,5.0,0.0,,,,,,,,,,,,,,,,,,,,,,,,,,,,,,,,,,,,,,,
657,0.0,0.0,4855.0,657.0,3.0,4855.0,0.1,3.0,3.0,0.0,,,,,,,,,,,,,,,,,,,,,,,,,,,,,,,,,,,,,,,
658,0.0,0.0,4861.0,658.0,6.0,4861.0,0.1,6.0,6.0,0.0,,,,,,,,,,,,,,,,,,,,,,,,,,,,,,,,,,,,,,,
659,0.0,0.0,4865.0,659.0,4.0,4865.0,0.1,4.0,4.0,0.0,,,,,,,,,,,,,,,,,,,,,,,,,,,,,,,,,,,,,,,
660,0.0,0.0,4872.0,660.0,7.0,4872.0,0.1,7.0,7.0,0.0,,,,,,,,,,,,,,,,,,,,,,,,,,,,,,,,,,,,,,,
661,0.0,0.0,4876.0,661.0,4.0,4876.0,0.1,4.0,4.0,0.0,,,,,,,,,,,,,,,,,,,,,,,,,,,,,,,,,,,,,,,
662,0.0,0.0,4880.0,662.0,4.0,4880.0,0.1,4.0,4.0,0.0,,,,,,,,,,,,,,,,,,,,,,,,,,,,,,,,,,,,,,,
663,0.0,0.0,4894.0,663.0,14.0,4894.0,0.1,14.0,14.0,0.0,,,,,,,,,,,,,,,,,,,,,,,,,,,,,,,,,,,,,,,
664,0.0,0.0,4902.0,664.0,8.0,4902.0,0.1,8.0,8.0,0.0,,,,,,,,,,,,,,,,,,,,,,,,,,,,,,,,,,,,,,,
665,0.0,0.0,4906.0,665.0,4.0,4906.0,0.1,4.0,4.0,0.0,,,,,,,,,,,,,,,,,,,,,,,,,,,,,,,,,,,,,,,
666,0.0,0.0,4915.0,666.0,9.0,4915.0,0.1,9.0,9.0,0.0,,,,,,,,,,,,,,,,,,,,,,,,,,,,,,,,,,,,,,,
667,0.0,0.0,4921.0,667.0,6.0,4921.0,0.1,6.0,6.0,0.0,,,,,,,,,,,,,,,,,,,,,,,,,,,,,,,,,,,,,,,
668,0.0,0.0,4927.0,668.0,6.0,4927.0,0.1,6.0,6.0,0.0,,,,,,,,,,,,,,,,,,,,,,,,,,,,,,,,,,,,,,,
669,0.0,0.0,4941.0,669.0,14.0,4941.0,0.1,14.0,14.0,0.0,,,,,,,,,,,,,,,,,,,,,,,,,,,,,,,,,,,,,,,
670,0.0,0.0,4949.0,670.0,8.0,4949.0,0.1,8.0,8.0,0.0,,,,,,,,,,,,,,,,,,,,,,,,,,,,,,,,,,,,,,,
671,0.0,0.0,4954.0,671.0,5.0,4954.0,0.1,5.0,5.0,0.0,,,,,,,,,,,,,,,,,,,,,,,,,,,,,,,,,,,,,,,
672,0.0,0.0,4957.0,672.0,3.0,4957.0,0.1,3.0,3.0,0.0,,,,,,,,,,,,,,,,,,,,,,,,,,,,,,,,,,,,,,,
673,0.0,0.0,4964.0,673.0,7.0,4964.0,0.1,7.0,7.0,0.0,,,,,,,,,,,,,,,,,,,,,,,,,,,,,,,,,,,,,,,
674,0.0,0.0,4970.0,674.0,6.0,4970.0,0.1,6.0,6.0,0.0,,,,,,,,,,,,,,,,,,,,,,,,,,,,,,,,,,,,,,,
675,0.0,0.0,4976.0,675.0,6.0,4976.0,0.1,6.0,6.0,0.0,,,,,,,,,,,,,,,,,,,,,,,,,,,,,,,,,,,,,,,
676,0.0,0.0,4982.0,676.0,6.0,4982.0,0.1,6.0,6.0,0.0,,,,,,,,,,,,,,,,,,,,,,,,,,,,,,,,,,,,,,,
677,0.0,0.0,4987.0,677.0,5.0,4987.0,0.1,5.0,5.0,0.0,,,,,,,,,,,,,,,,,,,,,,,,,,,,,,,,,,,,,,,
678,1.0,0.0,0.0,0.0,16.0,5003.0,0.1,16.0,16.0,0.0,,,,,,,,,,,,0.17297314,0.21850212,2.0001154,0.010480013,1.3798845,0.0,1.3798845,1.3798845,6.178014992117601e-17,1.0,3.6606476694935512,-1.343341245678085,,,,,37.83699,0.0,37.83699,37.83699,-0.020387016,0.0,-0.020387016,-0.020387016,0.018890712,0.0,0.018890712,0.018890712
679,1.0,0.0,7.0,1.0,7.0,5010.0,0.1,7.0,7.0,0.0,,,,,,,,,,,,,,,,,,,,,,,,,,,,,,,,,,,,,,,
680,1.0,0.0,14.0,2.0,7.0,5017.0,0.1,7.0,7.0,0.0,,,,,,,,,,,,,,,,,,,,,,,,,,,,,,,,,,,,,,,
681,1.0,0.0,17.0,3.0,3.0,5020.0,0.1,3.0,3.0,0.0,,,,,,,,,,,,,,,,,,,,,,,,,,,,,,,,,,,,,,,
682,1.0,0.0,30.0,4.0,13.0,5033.0,0.1,13.0,13.0,0.0,,,,,,,,,,,,,,,,,,,,,,,,,,,,,,,,,,,,,,,
683,1.0,0.0,40.0,5.0,10.0,5043.0,0.1,10.0,10.0,0.0,,,,,,,,,,,,,,,,,,,,,,,,,,,,,,,,,,,,,,,
684,1.0,0.0,60.0,6.0,20.0,5063.0,0.1,20.0,20.0,0.0,,,,,,,,,,,,,,,,,,,,,,,,,,,,,,,,,,,,,,,
685,1.0,0.0,68.0,7.0,8.0,5071.0,0.1,8.0,8.0,0.0,,,,,,,,,,,,,,,,,,,,,,,,,,,,,,,,,,,,,,,
686,1.0,0.0,72.0,8.0,4.0,5075.0,0.1,4.0,4.0,0.0,,,,,,,,,,,,,,,,,,,,,,,,,,,,,,,,,,,,,,,
687,1.0,0.0,81.0,9.0,9.0,5084.0,0.1,9.0,9.0,0.0,,,,,,,,,,,,,,,,,,,,,,,,,,,,,,,,,,,,,,,
688,1.0,0.0,104.0,10.0,23.0,5107.0,0.1,23.0,23.0,0.0,,,,,,,,,,,,,,,,,,,,,,,,,,,,,,,,,,,,,,,
689,1.0,0.0,133.0,11.0,29.0,5136.0,0.1,29.0,29.0,0.0,,,,,,,,,,,,,,,,,,,,,,,,,,,,,,,,,,,,,,,
690,1.0,0.0,154.0,12.0,21.0,5157.0,0.1,21.0,21.0,0.0,,,,,,,,,,,,,,,,,,,,,,,,,,,,,,,,,,,,,,,
691,1.0,0.0,164.0,13.0,10.0,5167.0,0.1,10.0,10.0,0.0,,,,,,,,,,,,,,,,,,,,,,,,,,,,,,,,,,,,,,,
692,1.0,0.0,168.0,14.0,4.0,5171.0,0.1,4.0,4.0,0.0,,,,,,,,,,,,,,,,,,,,,,,,,,,,,,,,,,,,,,,
693,1.0,0.0,186.0,15.0,18.0,5189.0,0.1,18.0,18.0,0.0,,,,,,,,,,,,,,,,,,,,,,,,,,,,,,,,,,,,,,,
694,1.0,0.0,192.0,16.0,6.0,5195.0,0.1,6.0,6.0,0.0,,,,,,,,,,,,,,,,,,,,,,,,,,,,,,,,,,,,,,,
695,1.0,0.0,207.0,17.0,15.0,5210.0,0.1,15.0,15.0,0.0,,,,,,,,,,,,,,,,,,,,,,,,,,,,,,,,,,,,,,,
696,1.0,0.0,211.0,18.0,4.0,5214.0,0.1,4.0,4.0,0.0,,,,,,,,,,,,,,,,,,,,,,,,,,,,,,,,,,,,,,,
697,1.0,0.0,224.0,19.0,13.0,5227.0,0.1,13.0,13.0,0.0,,,,,,,,,,,,,,,,,,,,,,,,,,,,,,,,,,,,,,,
698,1.0,0.0,232.0,20.0,8.0,5235.0,0.1,8.0,8.0,0.0,,,,,,,,,,,,,,,,,,,,,,,,,,,,,,,,,,,,,,,
699,1.0,0.0,236.0,21.0,4.0,5239.0,0.1,4.0,4.0,0.0,,,,,,,,,,,,,,,,,,,,,,,,,,,,,,,,,,,,,,,
700,1.0,0.0,251.0,22.0,15.0,5254.0,0.1,15.0,15.0,0.0,,,,,,,,,,,,,,,,,,,,,,,,,,,,,,,,,,,,,,,
701,1.0,0.0,258.0,23.0,7.0,5261.0,0.1,7.0,7.0,0.0,,,,,,,,,,,,,,,,,,,,,,,,,,,,,,,,,,,,,,,
702,1.0,0.0,265.0,24.0,7.0,5268.0,0.1,7.0,7.0,0.0,,,,,,,,,,,,,,,,,,,,,,,,,,,,,,,,,,,,,,,
703,1.0,0.0,276.0,25.0,11.0,5279.0,0.1,11.0,11.0,0.0,,,,,,,,,,,,,,,,,,,,,,,,,,,,,,,,,,,,,,,
704,1.0,0.0,283.0,26.0,7.0,5286.0,0.1,7.0,7.0,0.0,,,,,,,,,,,,,,,,,,,,,,,,,,,,,,,,,,,,,,,
705,1.0,0.0,294.0,27.0,11.0,5297.0,0.1,11.0,11.0,0.0,,,,,,,,,,,,,,,,,,,,,,,,,,,,,,,,,,,,,,,
706,1.0,0.0,300.0,28.0,6.0,5303.0,0.1,6.0,6.0,0.0,,,,,,,,,,,,,,,,,,,,,,,,,,,,,,,,,,,,,,,
707,1.0,0.0,315.0,29.0,15.0,5318.0,0.1,15.0,15.0,0.0,,,,,,,,,,,,,,,,,,,,,,,,,,,,,,,,,,,,,,,
708,1.0,0.0,322.0,30.0,7.0,5325.0,0.1,7.0,7.0,0.0,,,,,,,,,,,,,,,,,,,,,,,,,,,,,,,,,,,,,,,
709,1.0,0.0,329.0,31.0,7.0,5332.0,0.1,7.0,7.0,0.0,,,,,,,,,,,,,,,,,,,,,,,,,,,,,,,,,,,,,,,
710,1.0,0.0,335.0,32.0,6.0,5338.0,0.1,6.0,6.0,0.0,,,,,,,,,,,,,,,,,,,,,,,,,,,,,,,,,,,,,,,
711,1.0,0.0,339.0,33.0,4.0,5342.0,0.1,4.0,4.0,0.0,,,,,,,,,,,,,,,,,,,,,,,,,,,,,,,,,,,,,,,
712,1.0,0.0,348.0,34.0,9.0,5351.0,0.1,9.0,9.0,0.0,,,,,,,,,,,,,,,,,,,,,,,,,,,,,,,,,,,,,,,
713,1.0,0.0,363.0,35.0,15.0,5366.0,0.1,15.0,15.0,0.0,,,,,,,,,,,,,,,,,,,,,,,,,,,,,,,,,,,,,,,
714,1.0,0.0,372.0,36.0,9.0,5375.0,0.1,9.0,9.0,0.0,,,,,,,,,,,,,,,,,,,,,,,,,,,,,,,,,,,,,,,
715,1.0,0.0,382.0,37.0,10.0,5385.0,0.1,10.0,10.0,0.0,,,,,,,,,,,,,,,,,,,,,,,,,,,,,,,,,,,,,,,
716,1.0,0.0,393.0,38.0,11.0,5396.0,0.1,11.0,11.0,0.0,,,,,,,,,,,,,,,,,,,,,,,,,,,,,,,,,,,,,,,
717,1.0,0.0,399.0,39.0,6.0,5402.0,0.1,6.0,6.0,0.0,,,,,,,,,,,,,,,,,,,,,,,,,,,,,,,,,,,,,,,
718,1.0,0.0,413.0,40.0,14.0,5416.0,0.1,14.0,14.0,0.0,,,,,,,,,,,,,,,,,,,,,,,,,,,,,,,,,,,,,,,
719,1.0,0.0,448.0,41.0,35.0,5451.0,0.1,35.0,35.0,0.0,,,,,,,,,,,,,,,,,,,,,,,,,,,,,,,,,,,,,,,
720,1.0,0.0,455.0,42.0,7.0,5458.0,0.1,7.0,7.0,0.0,,,,,,,,,,,,,,,,,,,,,,,,,,,,,,,,,,,,,,,
721,1.0,0.0,462.0,43.0,7.0,5465.0,0.1,7.0,7.0,0.0,,,,,,,,,,,,,,,,,,,,,,,,,,,,,,,,,,,,,,,
722,1.0,0.0,469.0,44.0,7.0,5472.0,0.1,7.0,7.0,0.0,,,,,,,,,,,,,,,,,,,,,,,,,,,,,,,,,,,,,,,
723,1.0,0.0,476.0,45.0,7.0,5479.0,0.1,7.0,7.0,0.0,,,,,,,,,,,,,,,,,,,,,,,,,,,,,,,,,,,,,,,
724,1.0,0.0,486.0,46.0,10.0,5489.0,0.1,10.0,10.0,0.0,,,,,,,,,,,,,,,,,,,,,,,,,,,,,,,,,,,,,,,
725,1.0,0.0,489.0,47.0,3.0,5492.0,0.1,3.0,3.0,0.0,,,,,,,,,,,,,,,,,,,,,,,,,,,,,,,,,,,,,,,
726,1.0,0.0,496.0,48.0,7.0,5499.0,0.1,7.0,7.0,0.0,,,,,,,,,,,,,,,,,,,,,,,,,,,,,,,,,,,,,,,
727,1.0,0.0,501.0,49.0,5.0,5504.0,0.1,5.0,5.0,0.0,,,,,,,,,,,,,,,,,,,,,,,,,,,,,,,,,,,,,,,
728,1.0,0.0,516.0,50.0,15.0,5519.0,0.1,15.0,15.0,0.0,,,,,,,,,,,,,,,,,,,,,,,,,,,,,,,,,,,,,,,
729,1.0,0.0,523.0,51.0,7.0,5526.0,0.1,7.0,7.0,0.0,,,,,,,,,,,,,,,,,,,,,,,,,,,,,,,,,,,,,,,
730,1.0,0.0,551.0,52.0,28.0,5554.0,0.1,28.0,28.0,0.0,,,,,,,,,,,,,,,,,,,,,,,,,,,,,,,,,,,,,,,
731,1.0,0.0,556.0,53.0,5.0,5559.0,0.1,5.0,5.0,0.0,,,,,,,,,,,,,,,,,,,,,,,,,,,,,,,,,,,,,,,
732,1.0,0.0,563.0,54.0,7.0,5566.0,0.1,7.0,7.0,0.0,,,,,,,,,,,,,,,,,,,,,,,,,,,,,,,,,,,,,,,
733,1.0,0.0,573.0,55.0,10.0,5576.0,0.1,10.0,10.0,0.0,,,,,,,,,,,,,,,,,,,,,,,,,,,,,,,,,,,,,,,
734,1.0,0.0,593.0,56.0,20.0,5596.0,0.1,20.0,20.0,0.0,,,,,,,,,,,,,,,,,,,,,,,,,,,,,,,,,,,,,,,
735,1.0,0.0,597.0,57.0,4.0,5600.0,0.1,4.0,4.0,0.0,,,,,,,,,,,,,,,,,,,,,,,,,,,,,,,,,,,,,,,
736,1.0,0.0,604.0,58.0,7.0,5607.0,0.1,7.0,7.0,0.0,,,,,,,,,,,,,,,,,,,,,,,,,,,,,,,,,,,,,,,
737,1.0,0.0,617.0,59.0,13.0,5620.0,0.1,13.0,13.0,0.0,,,,,,,,,,,,,,,,,,,,,,,,,,,,,,,,,,,,,,,
738,1.0,0.0,626.0,60.0,9.0,5629.0,0.1,9.0,9.0,0.0,,,,,,,,,,,,,,,,,,,,,,,,,,,,,,,,,,,,,,,
739,1.0,0.0,630.0,61.0,4.0,5633.0,0.1,4.0,4.0,0.0,,,,,,,,,,,,,,,,,,,,,,,,,,,,,,,,,,,,,,,
740,1.0,0.0,646.0,62.0,16.0,5649.0,0.1,16.0,16.0,0.0,,,,,,,,,,,,,,,,,,,,,,,,,,,,,,,,,,,,,,,
741,1.0,0.0,652.0,63.0,6.0,5655.0,0.1,6.0,6.0,0.0,,,,,,,,,,,,,,,,,,,,,,,,,,,,,,,,,,,,,,,
742,1.0,0.0,657.0,64.0,5.0,5660.0,0.1,5.0,5.0,0.0,,,,,,,,,,,,,,,,,,,,,,,,,,,,,,,,,,,,,,,
743,1.0,0.0,664.0,65.0,7.0,5667.0,0.1,7.0,7.0,0.0,,,,,,,,,,,,,,,,,,,,,,,,,,,,,,,,,,,,,,,
744,1.0,0.0,671.0,66.0,7.0,5674.0,0.1,7.0,7.0,0.0,,,,,,,,,,,,,,,,,,,,,,,,,,,,,,,,,,,,,,,
745,1.0,0.0,710.0,67.0,39.0,5713.0,0.1,39.0,39.0,0.0,,,,,,,,,,,,,,,,,,,,,,,,,,,,,,,,,,,,,,,
746,1.0,0.0,730.0,68.0,20.0,5733.0,0.1,20.0,20.0,0.0,,,,,,,,,,,,,,,,,,,,,,,,,,,,,,,,,,,,,,,
747,1.0,0.0,737.0,69.0,7.0,5740.0,0.1,7.0,7.0,0.0,,,,,,,,,,,,,,,,,,,,,,,,,,,,,,,,,,,,,,,
748,1.0,0.0,749.0,70.0,12.0,5752.0,0.1,12.0,12.0,0.0,,,,,,,,,,,,,,,,,,,,,,,,,,,,,,,,,,,,,,,
749,1.0,0.0,754.0,71.0,5.0,5757.0,0.1,5.0,5.0,0.0,,,,,,,,,,,,,,,,,,,,,,,,,,,,,,,,,,,,,,,
750,1.0,0.0,772.0,72.0,18.0,5775.0,0.1,18.0,18.0,0.0,,,,,,,,,,,,,,,,,,,,,,,,,,,,,,,,,,,,,,,
751,1.0,0.0,779.0,73.0,7.0,5782.0,0.1,7.0,7.0,0.0,,,,,,,,,,,,,,,,,,,,,,,,,,,,,,,,,,,,,,,
752,1.0,0.0,788.0,74.0,9.0,5791.0,0.1,9.0,9.0,0.0,,,,,,,,,,,,,,,,,,,,,,,,,,,,,,,,,,,,,,,
753,1.0,0.0,805.0,75.0,17.0,5808.0,0.1,17.0,17.0,0.0,,,,,,,,,,,,,,,,,,,,,,,,,,,,,,,,,,,,,,,
754,1.0,0.0,822.0,76.0,17.0,5825.0,0.1,17.0,17.0,0.0,,,,,,,,,,,,,,,,,,,,,,,,,,,,,,,,,,,,,,,
755,1.0,0.0,831.0,77.0,9.0,5834.0,0.1,9.0,9.0,0.0,,,,,,,,,,,,,,,,,,,,,,,,,,,,,,,,,,,,,,,
756,1.0,0.0,836.0,78.0,5.0,5839.0,0.1,5.0,5.0,0.0,,,,,,,,,,,,,,,,,,,,,,,,,,,,,,,,,,,,,,,
757,1.0,0.0,847.0,79.0,11.0,5850.0,0.1,11.0,11.0,0.0,,,,,,,,,,,,,,,,,,,,,,,,,,,,,,,,,,,,,,,
758,1.0,0.0,855.0,80.0,8.0,5858.0,0.1,8.0,8.0,0.0,,,,,,,,,,,,,,,,,,,,,,,,,,,,,,,,,,,,,,,
759,1.0,0.0,860.0,81.0,5.0,5863.0,0.1,5.0,5.0,0.0,,,,,,,,,,,,,,,,,,,,,,,,,,,,,,,,,,,,,,,
760,1.0,0.0,870.0,82.0,10.0,5873.0,0.1,10.0,10.0,0.0,,,,,,,,,,,,,,,,,,,,,,,,,,,,,,,,,,,,,,,
761,1.0,0.0,877.0,83.0,7.0,5880.0,0.1,7.0,7.0,0.0,,,,,,,,,,,,,,,,,,,,,,,,,,,,,,,,,,,,,,,
762,1.0,0.0,887.0,84.0,10.0,5890.0,0.1,10.0,10.0,0.0,,,,,,,,,,,,,,,,,,,,,,,,,,,,,,,,,,,,,,,
763,1.0,0.0,894.0,85.0,7.0,5897.0,0.1,7.0,7.0,0.0,,,,,,,,,,,,,,,,,,,,,,,,,,,,,,,,,,,,,,,
764,1.0,0.0,904.0,86.0,10.0,5907.0,0.1,10.0,10.0,0.0,,,,,,,,,,,,,,,,,,,,,,,,,,,,,,,,,,,,,,,
765,1.0,0.0,922.0,87.0,18.0,5925.0,0.1,18.0,18.0,0.0,,,,,,,,,,,,,,,,,,,,,,,,,,,,,,,,,,,,,,,
766,1.0,0.0,931.0,88.0,9.0,5934.0,0.1,9.0,9.0,0.0,,,,,,,,,,,,,,,,,,,,,,,,,,,,,,,,,,,,,,,
767,1.0,0.0,940.0,89.0,9.0,5943.0,0.1,9.0,9.0,0.0,,,,,,,,,,,,,,,,,,,,,,,,,,,,,,,,,,,,,,,
768,1.0,0.0,945.0,90.0,5.0,5948.0,0.1,5.0,5.0,0.0,,,,,,,,,,,,,,,,,,,,,,,,,,,,,,,,,,,,,,,
769,1.0,0.0,950.0,91.0,5.0,5953.0,0.1,5.0,5.0,0.0,,,,,,,,,,,,,,,,,,,,,,,,,,,,,,,,,,,,,,,
770,1.0,0.0,963.0,92.0,13.0,5966.0,0.1,13.0,13.0,0.0,,,,,,,,,,,,,,,,,,,,,,,,,,,,,,,,,,,,,,,
771,1.0,0.0,977.0,93.0,14.0,5980.0,0.1,14.0,14.0,0.0,,,,,,,,,,,,,,,,,,,,,,,,,,,,,,,,,,,,,,,
772,1.0,0.0,983.0,94.0,6.0,5986.0,0.1,6.0,6.0,0.0,,,,,,,,,,,,,,,,,,,,,,,,,,,,,,,,,,,,,,,
773,1.0,0.0,998.0,95.0,15.0,6001.0,0.1,15.0,15.0,0.0,,,,,,,,,,,,,,,,,,,,,,,,,,,,,,,,,,,,,,,
774,1.0,0.0,1003.0,96.0,5.0,6006.0,0.1,5.0,5.0,0.0,,,,,,,,,,,,,,,,,,,,,,,,,,,,,,,,,,,,,,,
775,1.0,0.0,1010.0,97.0,7.0,6013.0,0.1,7.0,7.0,0.0,,,,,,,,,,,,,,,,,,,,,,,,,,,,,,,,,,,,,,,
